     1                                  ; =====================================================================
     2                                  ;  BUBios -- MR-BIOS-style front end for the AMIBIOS 11/11/92 setup
     3                                  ;  (SOYO SY-019L1, OPTi 82C495SLC, 27C512) -- version 2.1
     4                                  ;
     5                                  ;  2.0 added the POST screen in post.asm (included at the end of this
     6                                  ;  file) and removed dead AMI code; 2.1 adds drive auto-detection at boot
     7                                  ;  and the INT 13h extensions (LBA); see README.md.
     8                                  ;
     9                                  ;  Built on top of the hardware-confirmed ECHS ROM
    10                                  ;  (binary/SY019L1_27C512_CHSPATCH.BIN of the parent project).
    11                                  ;
    12                                  ;  What this adds (all patch sites are applied and verified by
    13                                  ;  py/build_bubios.py, which asserts the original bytes first):
    14                                  ;
    15                                  ;    0x36D4  AMI main menu            -> JMP bu_main   (tab bar + pages)
    16                                  ;    0x38B5  AMI screen header        -> JMP bu_hdr    (title bar + tabs)
    17                                  ;    0x0D3D  option-editor getkey     -> CALL bu_edkey (Tab / Shift-Tab)
    18                                  ;    0x08D5  Standard-CMOS getkey     -> CALL bu_stdkey + NOP (Tab, digits)
    19                                  ;    0x5F94  date/time field getkey   -> CALL bu_dtkey (numeric date/time entry)
    20                                  ;    0x5037  16 colour schemes        -> BUBios schemes (F2/F3 cycles them)
    21                                  ;    0x4FF6  "bright" OR-mask 0Fh     -> 08h (intensity only, keeps hue)
    22                                  ;    0x309A / 0x6D3A  footer texts    -> Tab/ESC hints
    23                                  ;
    24                                  ;  Code lives in the free block 0xDA84-0xDFFF (executed from F000).
    25                                  ;  Data (and the small timing loop) live in the free block 0x7902-0x7EFD.
    26                                  ;  The setup program copies F000:0000-DFFF to 0100:0000 and runs with
    27                                  ;  DS=SS=0100h, so DS-relative data must sit below 0xE000 -- and not in
    28                                  ;  0xDA84-0xDFFF, which is the setup's stack in that RAM copy.  That is
    29                                  ;  why every string/table is in the 0x79xx block.
    30                                  ; =====================================================================
    31                                  [map all bubios.map]
    32                                  BITS 16
    33                                  CPU 386
    34                                  
    35                                  ; ---- AMI setup routines (all near, segment F000) --------------------
    36                                  A_RDCMOS   equ 0x84CB     ; read CMOS into the image at DS:E000
    37                                  A_VIDINIT  equ 0x5077     ; video mode + colour scheme -> E1A2..E1A9
    38                                  A_CUROFF   equ 0x0995     ; hide cursor
    39                                  A_SETUPOK  equ 0x54AE     ; AX<>0 if menu item [E187] is available
    40                                  A_NOSETUP  equ 0x3704     ; "NO CMOS SETUP PRESENT" path (exits setup)
    41                                  A_BOX      equ 0x5199     ; box  AX=top-left DX=bottom-right BX=style
    42                                  A_FILL     equ 0x520E     ; fill AX=top-left DX=bottom-right, attr [E19F]
    43                                  A_HLINE    equ 0x526E     ; horizontal line AX=start DL=len BX=style
    44                                  A_VLINE    equ 0x5286     ; vertical line   AX=start DL=len BX=style
    45                                  A_PRINT    equ 0x52DF     ; print DS:BX at AX=row:col, attr [E19F]
    46                                  A_PRINTB   equ 0x52BB     ; same, bright
    47                                  A_PRINTC   equ 0x52D2     ; same, centred on column AL
    48                                  A_PUTCH    equ 0x52FA     ; print char AL at DX=row:col
    49                                  A_FOOTER   equ 0x390F     ; framed footer caption DS:BX centred at AX
    50                                  A_GETKEY   equ 0x530E     ; AX = ASCII, or 100h+scan for extended keys
    51                                  A_COLOUR   equ 0x50BA     ; F2/F3 colour cycling (reads [E182])
    52                                  A_SAVEEXIT equ 0x29DD     ; "Write to CMOS and Exit (Y/N)?"
    53                                  A_QUIT     equ 0x29EC     ; "Want to Quit Without Saving (Y/N)?"
    54                                  A_VALSTR   equ 0x5B21     ; AX = value string of option record [E18F]
    55                                  H_STD      equ 0x00EC     ; Standard CMOS setup page
    56                                  H_ADV      equ 0x0BDE     ; Advanced CMOS setup page
    57                                  H_CHIP     equ 0x0C05     ; Advanced chipset setup page
    58                                  H_DEF      equ 0x5486     ; load BIOS / power-on defaults ([E187]=5/6)
    59                                  H_PWD      equ 0xF1C8     ; change password
    60                                  H_DETECT   equ 0x4A44     ; auto-detect hard disk
    61                                  CALC_FACTOR equ 0x76F5    ; ECHS head-factor routine of the xlate patch
    62                                  A_STDKEY   equ 0x08CD     ; Standard CMOS field key reader (flags = navigation)
    63                                  A_GETDATE  equ 0x6180     ; CX = year, DH = month, DL = day (BCD, validated)
    64                                  A_GETTIME  equ 0x61BA     ; CH = hour, CL = min, DH = sec, DL = DST (BCD)
    65                                  A_SETDATE  equ 0x5FCB     ; set RTC date, day clamped to the month, redraw
    66                                  A_DTSHOW   equ 0x6022     ; redraw date, time and calendar
    67                                  
    68                                  ; ---- AMI option records used on the Summary page ----------------------
    69                                  R_EXTCACHE equ 0xBDE7     ; External Cache Memory
    70                                  R_VSHADOW  equ 0xBE8F     ; Video ROM Shadow C000,16K
    71                                  R_SSHADOW  equ 0xC057     ; System ROM Shadow F000,64K
    72                                  R_BOOTSEQ  equ 0xBDA3     ; System Boot Up Sequence
    73                                  R_NUMLOCK  equ 0xBD1D     ; System Boot Up Num Lock
    74                                  R_PASSWORD equ 0xBE6D     ; Password Checking Option
    75                                  
    76                                  ; ---- AMI strings reused (verified by the build script) ----------------
    77                                  S_FLOPPY   equ 0x6F35     ; "360  KB, 5.."  stride 17
    78                                  S_MONO     equ 0x6F8A
    79                                  S_COL80    equ 0x6F9B
    80                                  S_COL40    equ 0x6FAC
    81                                  S_VGA      equ 0x6FBD
    82                                  S_HELP_DEF equ 0x2D4F
    83                                  S_HELP_PON equ 0x2D9B
    84                                  S_HELP_PWD equ 0x2DE5
    85                                  S_HELP_DET equ 0x2E11
    86                                  S_HELP_SAV equ 0x2E7C
    87                                  S_HELP_QUT equ 0x2E75
    88                                  
    89                                  ; ---- setup data segment (DS = 0100h) ---------------------------------
    90                                  CMOS       equ 0xE000     ; CMOS image, CMOS+n = register n
    91                                  V_KEY      equ 0xE182
    92                                  V_ITEM     equ 0xE187     ; current AMI main-menu item (handlers read it)
    93                                  V_REC      equ 0xE18F
    94                                  V_VSTR     equ 0xE197
    95                                  V_ATTR     equ 0xE19F     ; current drawing attribute
    96                                  C_CONTENT  equ 0xE1A2
    97                                  C_SEL      equ 0xE1A3
    98                                  C_HDR      equ 0xE1A8
    99                                  AMI_VSTR   equ 0x8292     ; word: base of the option value strings
   100                                  AMI_VIDSEG equ 0x4FF4     ; word: B800h / B000h
   101                                  
   102                                  ; BUBios state -- in the setup's zero-initialised, otherwise unused area
   103                                  BU_TAB     equ 0xEF80     ; current tab 0..NTABS-1
   104                                  BU_PEND    equ 0xEF81     ; Tab (+1) / Shift-Tab (-1) pressed inside a page
   105                                  BU_SEL     equ 0xEF82     ; selected entry on the Tools / Exit pages
   106                                  BU_MHZ     equ 0xEF84     ; word: measured clock in 1/10 MHz
   107                                  BU_CPU     equ 0xEF86     ; CPU family 3/4/5/6
   108                                  BU_FPU     equ 0xEF87     ; 1 = numeric coprocessor answered FNINIT
   109                                  BU_DTPOS   equ 0xEF88     ; word: row:col of the active date/time field, 0 = none
   110                                  BU_DTW     equ 0xEF8A     ; width of that field
   111                                  BU_BUF     equ 0xEF90     ; 40-byte text buffer
   112                                  
   113                                  NTABS      equ 6
   114                                  LBLW       equ 18         ; label field width on the Summary page
   115                                  ITEMSZ     equ 7          ; size of a Tools/Exit list entry
   116                                  
   117                                  ; =====================================================================
   118                                  section code start=0 vstart=0xDA84
   119                                  ; =====================================================================
   120                                  
   121                                  ; ---------------------------------------------------------------------
   122                                  ; bu_main -- replaces the AMI main menu (entered by JMP from 0x2997)
   123                                  ; ---------------------------------------------------------------------
   124                                  bu_main:
   125 00000000 E8(CB84)                    call A_RDCMOS
   126 00000003 E8(7750)                    call A_VIDINIT
   127 00000006 E8(9509)                    call A_CUROFF
   128 00000009 E8(7D00)                    call bu_detect
   129 0000000C C60687E100                  mov  byte [V_ITEM], 0
   130 00000011 E8(AE54)                    call A_SETUPOK
   131 00000014 09C0                        or   ax, ax
   132 00000016 7509                        jnz  .loop
   133 00000018 B8[5603]                    mov  ax, s_foot_main
   134 0000001B E81A01                      call bu_hdr
   135 0000001E E9(0437)                    jmp  A_NOSETUP
   136                                  
   137                                  .loop:
   138 00000021 A080EF                      mov  al, [BU_TAB]
   139 00000024 3C01                        cmp  al, 1
   140 00000026 7225                        jb   .menu
   141 00000028 3C03                        cmp  al, 3
   142 0000002A 7721                        ja   .menu
   143                                      ; ---- AMI pages: Standard / Advanced / Chipset ----
   144 0000002C FEC8                        dec  al
   145 0000002E A287E1                      mov  [V_ITEM], al
   146 00000031 98                          cbw
   147 00000032 89C3                        mov  bx, ax
   148 00000034 D1E3                        shl  bx, 1
   149 00000036 C60681EF00                  mov  byte [BU_PEND], 0
   150 0000003B FF97[B901]                  call [bx+page_handlers]
   151 0000003F A081EF                      mov  al, [BU_PEND]
   152 00000042 08C0                        or   al, al
   153 00000044 7560                        jnz  .step
   154 00000046 C60680EF00                  mov  byte [BU_TAB], 0          ; plain ESC -> back to Summary
   155 0000004B EBD4                        jmp  .loop
   156                                  
   157                                  .menu:
   158 0000004D E86C01                      call bu_draw_page
   159 00000050 E8(0E53)                    call A_GETKEY
   160 00000053 A382E1                      mov  [V_KEY], ax
   161 00000056 83F81B                      cmp  ax, 0x001B
   162 00000059 7430                        je   .esc
   163 0000005B 83F809                      cmp  ax, 0x0009
   164 0000005E 7440                        je   .next
   165 00000060 3D0F01                      cmp  ax, 0x010F
   166 00000063 743F                        je   .prev
   167 00000065 3D4801                      cmp  ax, 0x0148
   168 00000068 744C                        je   .up
   169 0000006A 3D5001                      cmp  ax, 0x0150
   170 0000006D 745D                        je   .down
   171 0000006F 83F80D                      cmp  ax, 0x000D
   172 00000072 7472                        je   .enter
   173 00000074 3D4401                      cmp  ax, 0x0144
   174 00000077 0F848300                    je   .f10
   175 0000007B 3D3C01                      cmp  ax, 0x013C
   176 0000007E 0F848700                    je   .colour
   177 00000082 3D3D01                      cmp  ax, 0x013D
   178 00000085 0F848000                    je   .colour
   179 00000089 EB96                        jmp  .loop
   180                                  
   181                                  .esc:
   182 0000008B B005                        mov  al, NTABS-1               ; ESC on Summary -> Exit page
   183 0000008D 803E80EF00                  cmp  byte [BU_TAB], 0
   184 00000092 7402                        je   .set
   185 00000094 30C0                        xor  al, al                    ; ESC elsewhere -> Summary
   186                                  .set:
   187 00000096 A280EF                      mov  [BU_TAB], al
   188 00000099 C60682EF00                  mov  byte [BU_SEL], 0
   189 0000009E EB81                        jmp  .loop
   190                                  .next:
   191 000000A0 B001                        mov  al, 1
   192 000000A2 EB02                        jmp  .step
   193                                  .prev:
   194 000000A4 B0FF                        mov  al, -1
   195                                  .step:
   196 000000A6 020680EF                    add  al, [BU_TAB]
   197 000000AA 7902                        jns  .s1
   198 000000AC 0406                        add  al, NTABS
   199                                  .s1:
   200 000000AE 3C06                        cmp  al, NTABS
   201 000000B0 72E4                        jb   .set
   202 000000B2 2C06                        sub  al, NTABS
   203 000000B4 EBE0                        jmp  .set
   204                                  
   205                                  .up:
   206 000000B6 E85600                      call bu_list
   207 000000B9 09C9                        or   cx, cx
   208 000000BB 0F8462FF                    jz   .loop
   209 000000BF A082EF                      mov  al, [BU_SEL]
   210 000000C2 FEC8                        dec  al
   211 000000C4 791A                        jns  .sel
   212 000000C6 88C8                        mov  al, cl
   213 000000C8 FEC8                        dec  al
   214 000000CA EB14                        jmp  .sel
   215                                  .down:
   216 000000CC E84000                      call bu_list
   217 000000CF 09C9                        or   cx, cx
   218 000000D1 0F844CFF                    jz   .loop
   219 000000D5 A082EF                      mov  al, [BU_SEL]
   220 000000D8 FEC0                        inc  al
   221 000000DA 38C8                        cmp  al, cl
   222 000000DC 7202                        jb   .sel
   223 000000DE 30C0                        xor  al, al
   224                                  .sel:
   225 000000E0 A282EF                      mov  [BU_SEL], al
   226 000000E3 E93BFF                      jmp  .loop
   227                                  
   228                                  .enter:
   229 000000E6 E82600                      call bu_list
   230 000000E9 09C9                        or   cx, cx
   231 000000EB 0F8432FF                    jz   .loop
   232 000000EF E83A00                      call bu_item                   ; BX -> entry
   233 000000F2 8A4704                      mov  al, [bx+4]
   234 000000F5 A287E1                      mov  [V_ITEM], al
   235 000000F8 FF5705                      call [bx+5]
   236 000000FB E923FF                      jmp  .loop
   237                                  
   238                                  .f10:
   239 000000FE C60687E10A                  mov  byte [V_ITEM], 10
   240 00000103 E8(DD29)                    call A_SAVEEXIT                ; returns only if the answer was N
   241 00000106 E918FF                      jmp  .loop
   242                                  
   243                                  .colour:
   244 00000109 E8(BA50)                    call A_COLOUR
   245 0000010C E912FF                      jmp  .loop
   246                                  
   247                                  ; ---------------------------------------------------------------------
   248                                  ; bu_list: SI -> entry list of the current tab, CX = number of entries
   249                                  ; bu_item: BX -> entry [BU_SEL] of list SI
   250                                  ; ---------------------------------------------------------------------
   251                                  bu_list:
   252 0000010F 31C9                        xor  cx, cx
   253 00000111 BE[D101]                    mov  si, tools_list
   254 00000114 B105                        mov  cl, 5
   255 00000116 803E80EF04                  cmp  byte [BU_TAB], 4
   256 0000011B 740E                        je   .r
   257 0000011D BE[F401]                    mov  si, exit_list
   258 00000120 B102                        mov  cl, 2
   259 00000122 803E80EF05                  cmp  byte [BU_TAB], 5
   260 00000127 7402                        je   .r
   261 00000129 31C9                        xor  cx, cx
   262 0000012B C3                      .r: ret
   263                                  
   264                                  bu_item:
   265 0000012C A082EF                      mov  al, [BU_SEL]
   266 0000012F B407                        mov  ah, ITEMSZ
   267 00000131 F6E4                        mul  ah
   268 00000133 89F3                        mov  bx, si
   269 00000135 01C3                        add  bx, ax
   270 00000137 C3                          ret
   271                                  
   272                                  ; ---------------------------------------------------------------------
   273                                  ; bu_hdr -- replaces the AMI screen header (0x38B5).
   274                                  ;   In: AX = footer caption (row 24), BX = page title (unused: the
   275                                  ;       active tab names the page).  All registers preserved.
   276                                  ; ---------------------------------------------------------------------
   277                                  bu_hdr:
   278 00000138 60                          pusha
   279 00000139 50                          push ax
   280 0000013A A0A8E1                      mov  al, [C_HDR]
   281 0000013D A29FE1                      mov  [V_ATTR], al
   282 00000140 31C0                        xor  ax, ax                    ; row 0: title bar
   283 00000142 BA4F00                      mov  dx, 0x004F
   284 00000145 E8(0E52)                    call A_FILL
   285 00000148 BB[CD02]                    mov  bx, s_title
   286 0000014B 31C0                        xor  ax, ax                    ; row 0, column 0
   287 0000014D E8(BB52)                    call A_PRINTB
   288 00000150 B80001                      mov  ax, 0x0100                ; frame rows 1..24
   289 00000153 BA4F18                      mov  dx, 0x184F
   290 00000156 BB0300                      mov  bx, 3
   291 00000159 E8(9951)                    call A_BOX
   292 0000015C B80003                      mov  ax, 0x0300                ; separator under the tab bar
   293 0000015F B250                        mov  dl, 0x50
   294 00000161 BB1720                      mov  bx, 0x2017
   295 00000164 E8(6E52)                    call A_HLINE
   296                                      ; tab bar (row 2)
   297 00000167 BE[BF01]                    mov  si, tab_table
   298 0000016A 31C9                        xor  cx, cx
   299                                  .tab:
   300 0000016C A0A8E1                      mov  al, [C_HDR]
   301 0000016F 3A0E80EF                    cmp  cl, [BU_TAB]
   302 00000173 7503                        jne  .t1
   303 00000175 E82E00                      call bu_tabattr
   304                                  .t1:
   305 00000178 A29FE1                      mov  [V_ATTR], al
   306 0000017B AC                          lodsb                          ; column
   307 0000017C B402                        mov  ah, 2
   308 0000017E 8B1C                        mov  bx, [si]
   309 00000180 83C602                      add  si, 2
   310 00000183 51                          push cx
   311 00000184 E8(DF52)                    call A_PRINT
   312 00000187 59                          pop  cx
   313 00000188 41                          inc  cx
   314 00000189 83F906                      cmp  cx, NTABS
   315 0000018C 72DE                        jb   .tab
   316                                      ; footer and content area
   317 0000018E 5B                          pop  bx
   318 0000018F B82818                      mov  ax, 0x1828
   319 00000192 E8(0F39)                    call A_FOOTER
   320 00000195 A0A2E1                      mov  al, [C_CONTENT]
   321 00000198 A29FE1                      mov  [V_ATTR], al
   322 0000019B B80104                      mov  ax, 0x0401
   323 0000019E BA4E17                      mov  dx, 0x174E
   324 000001A1 E8(0E52)                    call A_FILL
   325 000001A4 61                          popa
   326 000001A5 C3                          ret
   327                                  
   328                                  ; active-tab attribute: one per colour scheme, inverse video on mono
   329                                  bu_tabattr:
   330 000001A6 B070                        mov  al, 0x70
   331 000001A8 813EF44F00B0                cmp  word [AMI_VIDSEG], 0xB000
   332 000001AE 740B                        je   .r
   333 000001B0 8A1E37E0                    mov  bl, [CMOS+0x37]
   334 000001B4 83E30F                      and  bx, 0x000F
   335 000001B7 8A87[BD02]                  mov  al, [bx+tab_attrs]
   336 000001BB C3                      .r: ret
   337                                  
   338                                  ; ---------------------------------------------------------------------
   339                                  ; bu_draw_page -- Summary / Tools / Exit pages
   340                                  ; ---------------------------------------------------------------------
   341                                  bu_draw_page:
   342 000001BC E8(0000)                    call bu_autolabel              ; 2.1: "Auto-Detect Disks at Boot: On/Off"
   343 000001BF 31DB                        xor  bx, bx
   344 000001C1 B8[5603]                    mov  ax, s_foot_main
   345 000001C4 E871FF                      call bu_hdr
   346 000001C7 A0A8E1                      mov  al, [C_HDR]
   347 000001CA A29FE1                      mov  [V_ATTR], al
   348 000001CD B80016                      mov  ax, 0x1600                ; line above the help row
   349 000001D0 B250                        mov  dl, 0x50
   350 000001D2 BB1720                      mov  bx, 0x2017
   351 000001D5 E8(6E52)                    call A_HLINE
   352 000001D8 803E80EF00                  cmp  byte [BU_TAB], 0
   353 000001DD 745D                        je   bu_summary
   354                                      ; ---- list page ----
   355 000001DF E82DFF                      call bu_list
   356 000001E2 E357                        jcxz .done
   357 000001E4 31DB                        xor  bx, bx                    ; bl = index
   358 000001E6 B607                        mov  dh, 7                     ; first row
   359                                  .item:
   360 000001E8 51                          push cx
   361 000001E9 56                          push si
   362 000001EA 53                          push bx
   363 000001EB 52                          push dx
   364 000001EC A0A2E1                      mov  al, [C_CONTENT]
   365 000001EF 3A1E82EF                    cmp  bl, [BU_SEL]
   366 000001F3 7503                        jne  .a
   367 000001F5 A0A3E1                      mov  al, [C_SEL]
   368 000001F8 A29FE1                  .a: mov  [V_ATTR], al
   369 000001FB 88F4                        mov  ah, dh                    ; selection bar, columns 22..57
   370 000001FD B016                        mov  al, 22
   371 000001FF B239                        mov  dl, 57
   372 00000201 E8(0E52)                    call A_FILL
   373 00000204 5A                          pop  dx
   374 00000205 5B                          pop  bx
   375 00000206 53                          push bx
   376 00000207 52                          push dx
   377 00000208 88D8                        mov  al, bl
   378 0000020A B407                        mov  ah, ITEMSZ
   379 0000020C F6E4                        mul  ah
   380 0000020E 89F3                        mov  bx, si
   381 00000210 01C3                        add  bx, ax
   382 00000212 8B1F                        mov  bx, [bx]                  ; label
   383 00000214 88F4                        mov  ah, dh
   384 00000216 B018                        mov  al, 24
   385 00000218 E8(DF52)                    call A_PRINT
   386 0000021B 5A                          pop  dx
   387 0000021C 5B                          pop  bx
   388 0000021D 5E                          pop  si
   389 0000021E 59                          pop  cx
   390 0000021F 80C602                      add  dh, 2
   391 00000222 FEC3                        inc  bl
   392 00000224 E2C2                        loop .item
   393                                      ; help text of the selected entry, row 23
   394 00000226 E8E6FE                      call bu_list
   395 00000229 E800FF                      call bu_item
   396 0000022C A0A2E1                      mov  al, [C_CONTENT]
   397 0000022F A29FE1                      mov  [V_ATTR], al
   398 00000232 8B5F02                      mov  bx, [bx+2]
   399 00000235 B82817                      mov  ax, 0x1728
   400 00000238 E8(D252)                    call A_PRINTC
   401                                  .done:
   402 0000023B C3                          ret
   403                                  
   404                                  ; ---------------------------------------------------------------------
   405                                  ; bu_summary -- the entry page
   406                                  ; ---------------------------------------------------------------------
   407                                  bu_summary:
   408 0000023C B82703                      mov  ax, 0x0327                ; column divider rows 3..22
   409 0000023F B214                        mov  dl, 0x14
   410 00000241 BB8B40                      mov  bx, 0x408B
   411 00000244 E8(8652)                    call A_VLINE
   412 00000247 A0A2E1                      mov  al, [C_CONTENT]
   413 0000024A A29FE1                      mov  [V_ATTR], al
   414 0000024D BB[AB03]                    mov  bx, s_tagline
   415 00000250 B82817                      mov  ax, 0x1728
   416 00000253 E8(D252)                    call A_PRINTC
   417 00000256 BE[0202]                    mov  si, sum_table
   418                                  .e:
   419 00000259 AC                          lodsb
   420 0000025A 3CFF                        cmp  al, 0xFF
   421 0000025C 744F                        je   .done
   422 0000025E 88C6                        mov  dh, al                    ; row
   423 00000260 AC                          lodsb
   424 00000261 88C2                        mov  dl, al                    ; column
   425 00000263 AD                          lodsw
   426 00000264 89C7                        mov  di, ax                    ; label
   427 00000266 AD                          lodsw                          ; value descriptor
   428 00000267 56                          push si
   429 00000268 52                          push dx
   430 00000269 57                          push di
   431 0000026A 55                          push bp
   432 0000026B E85000                      call bu_value                  ; BX = value string or 0
   433 0000026E 5D                          pop  bp
   434 0000026F 5F                          pop  di
   435 00000270 5A                          pop  dx
   436 00000271 09DB                        or   bx, bx
   437 00000273 7435                        jz   .skip
   438 00000275 53                          push bx
   439 00000276 A0A2E1                      mov  al, [C_CONTENT]
   440 00000279 A29FE1                      mov  [V_ATTR], al
   441 0000027C 89FB                        mov  bx, di
   442 0000027E 89D0                        mov  ax, dx
   443 00000280 E8(DF52)                    call A_PRINT
   444                                      ; dotted leader
   445 00000283 89FB                        mov  bx, di
   446 00000285 E82600                      call A_STRLEN_wrap             ; CX = label length
   447 00000288 52                          push dx
   448 00000289 00CA                        add  dl, cl
   449 0000028B FEC2                        inc  dl                        ; first dot column
   450 0000028D B91200                      mov  cx, LBLW
   451 00000290 28C1                        sub  cl, al                    ; (AL = label length)
   452 00000292 49                          dec  cx
   453                                  .dot:
   454 00000293 E30C                        jcxz .dd
   455 00000295 B0FA                        mov  al, 0xFA                  ; middle dot
   456 00000297 51                          push cx
   457 00000298 E8(FA52)                    call A_PUTCH
   458 0000029B 59                          pop  cx
   459 0000029C FEC2                        inc  dl
   460 0000029E 49                          dec  cx
   461 0000029F EBF2                        jmp  .dot
   462                                  .dd:
   463 000002A1 5A                          pop  dx
   464 000002A2 5B                          pop  bx
   465 000002A3 89D0                        mov  ax, dx
   466 000002A5 0413                        add  al, LBLW+1
   467 000002A7 E8(BB52)                    call A_PRINTB
   468                                  .skip:
   469 000002AA 5E                          pop  si
   470 000002AB EBAC                        jmp  .e
   471                                  .done:
   472 000002AD C3                          ret
   473                                  
   474                                  ; label length helper: BX = string -> AX = CX = length (BX preserved)
   475                                  A_STRLEN_wrap:
   476 000002AE 53                          push bx
   477 000002AF 31C9                        xor  cx, cx
   478 000002B1 803F00                  .l: cmp  byte [bx], 0
   479 000002B4 7404                        je   .r
   480 000002B6 43                          inc  bx
   481 000002B7 41                          inc  cx
   482 000002B8 EBF7                        jmp  .l
   483 000002BA 89C8                    .r: mov  ax, cx
   484 000002BC 5B                          pop  bx
   485 000002BD C3                          ret
   486                                  
   487                                  ; ---------------------------------------------------------------------
   488                                  ; bu_value -- AX = value descriptor -> BX = string (0 = hide line)
   489                                  ;   < 8000h        : DS string
   490                                  ;   B000h..CFFFh   : AMI option record -> its current value text
   491                                  ;   >= D000h       : routine that returns BX
   492                                  ; ---------------------------------------------------------------------
   493                                  bu_value:
   494 000002BE 89C3                        mov  bx, ax
   495 000002C0 3D0080                      cmp  ax, 0x8000
   496 000002C3 7213                        jb   .r
   497 000002C5 3D00D0                      cmp  ax, 0xD000
   498 000002C8 730F                        jae  .fn
   499 000002CA A38FE1                      mov  [V_REC], ax
   500 000002CD A19282                      mov  ax, [AMI_VSTR]
   501 000002D0 A397E1                      mov  [V_VSTR], ax
   502 000002D3 E8(215B)                    call A_VALSTR
   503 000002D6 89C3                        mov  bx, ax
   504 000002D8 C3                      .r: ret
   505                                  .fn:
   506 000002D9 FFE0                        jmp  ax
   507                                  
   508                                  ; ---------------------------------------------------------------------
   509                                  ; text buffer helpers (DS:DI)
   510                                  ; ---------------------------------------------------------------------
   511                                  buf_begin:
   512 000002DB BF90EF                      mov  di, BU_BUF
   513 000002DE C3                          ret
   514                                  buf_end:
   515 000002DF C60500                      mov  byte [di], 0
   516 000002E2 BB90EF                      mov  bx, BU_BUF
   517 000002E5 C3                          ret
   518                                  put_ch:
   519 000002E6 8805                        mov  [di], al
   520 000002E8 47                          inc  di
   521 000002E9 C3                          ret
   522                                  put_str:                           ; DS:SI
   523 000002EA AC                          lodsb
   524 000002EB 08C0                        or   al, al
   525 000002ED 7405                        jz   .r
   526 000002EF E8F4FF                      call put_ch
   527 000002F2 EBF6                        jmp  put_str
   528 000002F4 C3                      .r: ret
   529                                  put_num:                           ; EAX unsigned decimal
   530 000002F5 31C9                        xor  cx, cx
   531 000002F7 66BB0A000000                mov  ebx, 10
   532 000002FD 6631D2                  .d: xor  edx, edx
   533 00000300 66F7F3                      div  ebx
   534 00000303 52                          push dx
   535 00000304 41                          inc  cx
   536 00000305 6609C0                      or   eax, eax
   537 00000308 75F3                        jnz  .d
   538 0000030A 58                      .o: pop  ax
   539 0000030B 0430                        add  al, '0'
   540 0000030D E8D6FF                      call put_ch
   541 00000310 E2F8                        loop .o
   542 00000312 C3                          ret
   543                                  put_chs:                           ; CX / BL / BH
   544 00000313 53                          push bx
   545 00000314 660FB7C1                    movzx eax, cx
   546 00000318 E8DAFF                      call put_num
   547 0000031B B02F                        mov  al, '/'
   548 0000031D E8C6FF                      call put_ch
   549 00000320 5B                          pop  bx
   550 00000321 53                          push bx
   551 00000322 660FB6C3                    movzx eax, bl
   552 00000326 E8CCFF                      call put_num
   553 00000329 B02F                        mov  al, '/'
   554 0000032B E8B8FF                      call put_ch
   555 0000032E 5B                          pop  bx
   556 0000032F 660FB6C7                    movzx eax, bh
   557 00000333 EBC0                        jmp  put_num
   558                                  num_k:                             ; AX -> "nnnnK"
   559 00000335 660FB7C0                    movzx eax, ax
   560                                  num_k32:                           ; EAX -> "nnnnnK"
   561 00000339 E89FFF                      call buf_begin
   562 0000033C E8B6FF                      call put_num
   563 0000033F B04B                        mov  al, 'K'
   564 00000341 E8A2FF                      call put_ch
   565 00000344 EB99                        jmp  buf_end
   566                                  
   567                                  ; ---------------------------------------------------------------------
   568                                  ; Summary value routines (return BX)
   569                                  ; ---------------------------------------------------------------------
   570                                  f_cpu:
   571 00000346 8A1E86EF                    mov  bl, [BU_CPU]
   572 0000034A 80FB06                      cmp  bl, 6
   573 0000034D 7602                        jbe  .ok
   574 0000034F B306                        mov  bl, 6
   575                                  .ok:
   576 00000351 80EB03                      sub  bl, 3
   577 00000354 30FF                        xor  bh, bh
   578 00000356 D1E3                        shl  bx, 1
   579 00000358 8B9F[9302]                  mov  bx, [bx+cpu_names]
   580 0000035C C3                          ret
   581                                  
   582                                  f_mhz:
   583 0000035D E87BFF                      call buf_begin
   584 00000360 660FB70684EF                movzx eax, word [BU_MHZ]
   585 00000366 6631D2                      xor  edx, edx
   586 00000369 66BB0A000000                mov  ebx, 10
   587 0000036F 66F7F3                      div  ebx
   588 00000372 52                          push dx
   589 00000373 E87FFF                      call put_num
   590 00000376 B02E                        mov  al, '.'
   591 00000378 E86BFF                      call put_ch
   592 0000037B 58                          pop  ax
   593 0000037C 0430                        add  al, '0'
   594 0000037E E865FF                      call put_ch
   595 00000381 BE[B105]                    mov  si, s_mhz
   596 00000384 E863FF                      call put_str
   597 00000387 E955FF                      jmp  buf_end
   598                                  
   599                                  f_fpu:
   600 0000038A BB[B605]                    mov  bx, s_present
   601 0000038D 803E87EF00                  cmp  byte [BU_FPU], 0
   602 00000392 7503                        jne  .r
   603 00000394 BB[BE05]                    mov  bx, s_none
   604 00000397 C3                      .r: ret
   605                                  
   606                                  f_base:
   607 00000398 1E                          push ds
   608 00000399 31C0                        xor  ax, ax
   609 0000039B 8ED8                        mov  ds, ax
   610 0000039D A11304                      mov  ax, [0x413]
   611 000003A0 1F                          pop  ds
   612 000003A1 EB92                        jmp  num_k
   613                                  
   614                                  ext_kb:
   615 000003A3 B488                        mov  ah, 0x88
   616 000003A5 CD15                        int  0x15
   617 000003A7 7303                        jnc  .r
   618 000003A9 A117E0                      mov  ax, [CMOS+0x17]
   619 000003AC C3                      .r: ret
   620                                  f_ext:
   621 000003AD E8F3FF                      call ext_kb
   622 000003B0 EB83                        jmp  num_k
   623                                  f_total:
   624 000003B2 E8EEFF                      call ext_kb
   625 000003B5 660FB7C0                    movzx eax, ax                  ; 32 bits: 64 MB is 65536K
   626 000003B9 660500040000                add  eax, 1024
   627 000003BF E977FF                      jmp  num_k32
   628                                  
   629                                  f_fda:
   630 000003C2 A010E0                      mov  al, [CMOS+0x10]
   631 000003C5 C0E804                      shr  al, 4
   632 000003C8 EB05                        jmp  floppy
   633                                  f_fdb:
   634 000003CA A010E0                      mov  al, [CMOS+0x10]
   635 000003CD 240F                        and  al, 0x0F
   636                                  floppy:
   637 000003CF BB[BE05]                    mov  bx, s_none
   638 000003D2 08C0                        or   al, al
   639 000003D4 740F                        jz   .r
   640 000003D6 3C05                        cmp  al, 5
   641 000003D8 770B                        ja   .r
   642 000003DA FEC8                        dec  al
   643 000003DC B411                        mov  ah, 17
   644 000003DE F6E4                        mul  ah
   645 000003E0 05356F                      add  ax, S_FLOPPY
   646 000003E3 89C3                        mov  bx, ax
   647 000003E5 C3                      .r: ret
   648                                  
   649                                  f_video:
   650 000003E6 8A1E14E0                    mov  bl, [CMOS+0x14]
   651 000003EA C0EB03                      shr  bl, 3
   652 000003ED 83E306                      and  bx, 0x0006
   653 000003F0 8B9F[B502]                  mov  bx, [bx+video_names]
   654 000003F4 C3                          ret
   655                                  
   656                                  ; ---- hard disks --------------------------------------------------------
   657                                  ; drv_get: DL = 0 (C:) / 1 (D:)
   658                                  ;   -> CF=1 not installed, else AL=type CX=cyl BL=heads BH=sectors
   659                                  drv_get:
   660 000003F5 A012E0                      mov  al, [CMOS+0x12]
   661 000003F8 08D2                        or   dl, dl
   662 000003FA 7505                        jnz  .d
   663 000003FC C0E804                      shr  al, 4
   664 000003FF EB02                        jmp  .t
   665 00000401 240F                    .d: and  al, 0x0F
   666 00000403 3C0F                    .t: cmp  al, 0x0F
   667 00000405 7508                        jne  .h
   668 00000407 31DB                        xor  bx, bx
   669 00000409 88D3                        mov  bl, dl
   670 0000040B 8A8719E0                    mov  al, [bx+CMOS+0x19]
   671 0000040F 08C0                    .h: or   al, al
   672 00000411 7440                        jz   .none
   673 00000413 3C2F                        cmp  al, 47
   674 00000415 7514                        jne  .rom
   675 00000417 BE1BE0                      mov  si, CMOS+0x1B
   676 0000041A 08D2                        or   dl, dl
   677 0000041C 7403                        jz   .c
   678 0000041E 83C609                      add  si, 9
   679 00000421 8B0C                    .c: mov  cx, [si]
   680 00000423 8A5C02                      mov  bl, [si+2]
   681 00000426 8A7C08                      mov  bh, [si+8]
   682 00000429 EB1A                        jmp  .chk
   683                                  .rom:
   684 0000042B 3C2E                        cmp  al, 46
   685 0000042D 7724                        ja   .none
   686 0000042F 50                          push ax
   687 00000430 B410                        mov  ah, 16
   688 00000432 F6E4                        mul  ah
   689 00000434 05F1E3                      add  ax, 0xE3F1                ; ROM drive table, entry 1 at E401
   690 00000437 89C6                        mov  si, ax
   691 00000439 58                          pop  ax
   692 0000043A 2E8B0C                      mov  cx, [cs:si]
   693 0000043D 2E8A5C02                    mov  bl, [cs:si+2]
   694 00000441 2E8A7C0E                    mov  bh, [cs:si+0x0E]
   695                                  .chk:
   696 00000445 09C9                        or   cx, cx                    ; reject empty / corrupt parameters
   697 00000447 740A                        jz   .none
   698 00000449 08DB                        or   bl, bl
   699 0000044B 7406                        jz   .none
   700 0000044D 08FF                        or   bh, bh
   701 0000044F 7402                        jz   .none
   702 00000451 F8                          clc
   703 00000452 C3                          ret
   704                                  .none:
   705 00000453 F9                          stc
   706 00000454 C3                          ret
   707                                  
   708                                  f_c0:
   709 00000455 30D2                        xor  dl, dl
   710 00000457 EB02                        jmp  drv_size
   711                                  f_d0:
   712 00000459 B201                        mov  dl, 1
   713                                  drv_size:
   714 0000045B E897FF                      call drv_get
   715 0000045E 7304                        jnc  .ok
   716 00000460 BB[BE05]                    mov  bx, s_none
   717 00000463 C3                          ret
   718                                  .ok:
   719 00000464 50                          push ax
   720 00000465 660FB7C1                    movzx eax, cx
   721 00000469 660FB6CB                    movzx ecx, bl
   722 0000046D 66F7E1                      mul  ecx
   723 00000470 660FB6CF                    movzx ecx, bh
   724 00000474 66F7E1                      mul  ecx
   725 00000477 66C1E80B                    shr  eax, 11                   ; bytes/512/2048 -> MB
   726 0000047B E85DFE                      call buf_begin
   727 0000047E E874FE                      call put_num
   728 00000481 BE[CE05]                    mov  si, s_mb_type
   729 00000484 E863FE                      call put_str
   730 00000487 58                          pop  ax
   731 00000488 660FB6C0                    movzx eax, al
   732 0000048C E866FE                      call put_num
   733 0000048F B05D                        mov  al, ']'
   734 00000491 E852FE                      call put_ch
   735 00000494 E948FE                      jmp  buf_end
   736                                  
   737                                  f_c1:
   738 00000497 30D2                        xor  dl, dl
   739 00000499 EB02                        jmp  drv_phys
   740                                  f_d1:
   741 0000049B B201                        mov  dl, 1
   742                                  drv_phys:
   743 0000049D E855FF                      call drv_get
   744 000004A0 7209                        jc   drv_none
   745 000004A2 E836FE                      call buf_begin
   746 000004A5 E86BFE                      call put_chs
   747 000004A8 E934FE                      jmp  buf_end
   748                                  drv_none:
   749 000004AB 31DB                        xor  bx, bx
   750 000004AD C3                          ret
   751                                  
   752                                  f_c2:
   753 000004AE 30D2                        xor  dl, dl
   754 000004B0 EB02                        jmp  drv_log
   755                                  f_d2:
   756 000004B2 B201                        mov  dl, 1
   757                                  drv_log:
   758 000004B4 E83EFF                      call drv_get
   759 000004B7 72F2                        jc   drv_none
   760 000004B9 81F90004                    cmp  cx, 1024
   761 000004BD 7704                        ja   .xl
   762 000004BF BB[C305]                    mov  bx, s_notrans
   763 000004C2 C3                          ret
   764                                  .xl:
   765 000004C3 89DE                        mov  si, bx                    ; SI: heads / sectors
   766 000004C5 89C8                        mov  ax, cx
   767 000004C7 50                          push ax
   768 000004C8 31C9                        xor  cx, cx
   769 000004CA 88D9                        mov  cl, bl
   770 000004CC E8(F576)                    call CALC_FACTOR               ; AX = translated heads (CX kept)
   771 000004CF 89C5                        mov  bp, ax
   772 000004D1 58                          pop  ax
   773 000004D2 F7E1                        mul  cx                        ; DX:AX = cyl * heads
   774 000004D4 F7F5                        div  bp
   775 000004D6 48                          dec  ax                        ; cylinders DOS sees (AH=08h convention)
   776 000004D7 3D0004                      cmp  ax, 1024
   777 000004DA 7603                        jbe  .ok
   778 000004DC B80004                      mov  ax, 1024
   779                                  .ok:
   780 000004DF 89C1                        mov  cx, ax
   781 000004E1 89F3                        mov  bx, si
   782 000004E3 89E8                        mov  ax, bp
   783 000004E5 88C3                        mov  bl, al
   784 000004E7 E8F1FD                      call buf_begin
   785 000004EA E826FE                      call put_chs
   786 000004ED E9EFFD                      jmp  buf_end
   787                                  
   788                                  ; BX in 1..AH ? -> AL = BCD(BX), CF=0 ; else CF=1
   789                                  dt_range1:
   790 000004F0 09DB                        or   bx, bx
   791 000004F2 740F                        jz   .bad
   792 000004F4 38E3                        cmp  bl, ah
   793 000004F6 770B                        ja   .bad
   794 000004F8 08FF                        or   bh, bh
   795 000004FA 7507                        jnz  .bad
   796 000004FC 88D8                        mov  al, bl
   797 000004FE E80400                      call dt_bcd
   798 00000501 F8                          clc
   799 00000502 C3                          ret
   800                                  .bad:
   801 00000503 F9                          stc
   802 00000504 C3                          ret
   803                                  
   804                                  ; AL (0..99) -> packed BCD
   805                                  dt_bcd:
   806 00000505 D40A                        aam
   807 00000507 C0E404                      shl  ah, 4
   808 0000050A 08E0                        or   al, ah
   809 0000050C C3                          ret
   810                                  
   811                                  code_end:
   812                                  
   813                                  ; =====================================================================
   814                                  section data start=0x800 vstart=0x7902
   815                                  ; =====================================================================
   816                                  
   817                                  ; timing loop -- far-called at 0100:bu_tloop (RAM copy of this block)
   818                                  bu_tloop:
   819 00000000 B9D007                      mov  cx, 2000
   820 00000003 BB0100                      mov  bx, 1
   821 00000006 31D2                        xor  dx, dx
   822 00000008 B83412                      mov  ax, 0x1234
   823 0000000B F7F3                    .l: div  bx
   824 0000000D F7F3                        div  bx
   825 0000000F F7F3                        div  bx
   826 00000011 F7F3                        div  bx
   827 00000013 F7F3                        div  bx
   828 00000015 F7F3                        div  bx
   829 00000017 F7F3                        div  bx
   830 00000019 F7F3                        div  bx
   831 0000001B E2EE                        loop .l
   832 0000001D CB                          retf
   833                                  bu_tloop_end:
   834                                  
   835                                  ; (code that does not need to sit above D000h lives here too)
   836                                  ; ---------------------------------------------------------------------
   837                                  ; Tab / Shift-Tab inside the AMI pages: remember the direction and hand
   838                                  ; the page an ESC so it closes normally; bu_main then opens the next tab.
   839                                  ; ---------------------------------------------------------------------
   840                                  bu_edkey:                          ; replaces CALL 530E at 0x0D3D
   841 0000001E E8(0E53)                    call A_GETKEY
   842 00000021 83F809                      cmp  ax, 0x0009
   843 00000024 740C                        je   .fwd
   844 00000026 3D0F01                      cmp  ax, 0x010F
   845 00000029 750F                        jne  .r
   846 0000002B C60681EFFF                  mov  byte [BU_PEND], -1
   847 00000030 EB05                        jmp  .esc
   848                                  .fwd:
   849 00000032 C60681EF01                  mov  byte [BU_PEND], 1
   850                                  .esc:
   851 00000037 B81B00                      mov  ax, 0x001B
   852 0000003A C3                      .r: ret
   853                                  
   854                                  bu_stdkey:                         ; replaces MOV AH,0 / INT 16h at 0x08D5
   855 0000003B B400                        mov  ah, 0
   856 0000003D CD16                        int  0x16
   857 0000003F 833E88EF00                  cmp  word [BU_DTPOS], 0        ; inside a date/time field?
   858 00000044 740B                        je   .tab
   859 00000046 3C30                        cmp  al, '0'
   860 00000048 7207                        jb   .tab
   861 0000004A 3C39                        cmp  al, '9'
   862 0000004C 7703                        ja   .tab
   863 0000004E E8(0000)                    call bu_dtentry                ; AX = key that ended the entry
   864                                  .tab:
   865 00000051 3D090F                      cmp  ax, 0x0F09
   866 00000054 740C                        je   .fwd
   867 00000056 3D000F                      cmp  ax, 0x0F00
   868 00000059 750F                        jne  .r
   869 0000005B C60681EFFF                  mov  byte [BU_PEND], -1
   870 00000060 EB05                        jmp  .esc
   871                                  .fwd:
   872 00000062 C60681EF01                  mov  byte [BU_PEND], 1
   873                                  .esc:
   874 00000067 B81B01                      mov  ax, 0x011B
   875 0000006A C3                      .r: ret
   876                                  
   877                                  bu_dtkey:                          ; replaces CALL 08CDh at 0x5F94 (date/time fields)
   878 0000006B 891688EF                    mov  [BU_DTPOS], dx
   879 0000006F 880E8AEF                    mov  [BU_DTW], cl
   880 00000073 E8(CD08)                    call A_STDKEY
   881 00000076 C70688EF0000                mov  word [BU_DTPOS], 0        ; MOV keeps the navigation flags
   882 0000007C C3                          ret
   883                                  
   884                                  ; ---------------------------------------------------------------------
   885                                  ; bu_detect -- CPU family and clock, measured once on setup entry
   886                                  ; ---------------------------------------------------------------------
   887                                  bu_detect:
   888 0000007D 6660                        pushad
   889 0000007F C60686EF03                  mov  byte [BU_CPU], 3
   890 00000084 669C                        pushfd
   891 00000086 6658                        pop  eax
   892 00000088 6689C1                      mov  ecx, eax
   893 0000008B 663500000400                xor  eax, 0x40000              ; AC flag: only 486+ can toggle it
   894 00000091 6650                        push eax
   895 00000093 669D                        popfd
   896 00000095 669C                        pushfd
   897 00000097 6658                        pop  eax
   898 00000099 6651                        push ecx
   899 0000009B 669D                        popfd
   900 0000009D 6631C8                      xor  eax, ecx
   901 000000A0 66A900000400                test eax, 0x40000
   902 000000A6 7435                        jz   .clock
   903 000000A8 C60686EF04                  mov  byte [BU_CPU], 4
   904 000000AD 6689C8                      mov  eax, ecx
   905 000000B0 663500002000                xor  eax, 0x200000             ; ID flag -> CPUID available
   906 000000B6 6650                        push eax
   907 000000B8 669D                        popfd
   908 000000BA 669C                        pushfd
   909 000000BC 6658                        pop  eax
   910 000000BE 6651                        push ecx
   911 000000C0 669D                        popfd
   912 000000C2 6631C8                      xor  eax, ecx
   913 000000C5 66A900002000                test eax, 0x200000
   914 000000CB 7410                        jz   .clock
   915 000000CD 66B801000000                mov  eax, 1
   916 000000D3 0FA2                        db   0x0F, 0xA2                ; CPUID
   917 000000D5 C1E808                      shr  ax, 8
   918 000000D8 240F                        and  al, 0x0F
   919 000000DA A286EF                      mov  [BU_CPU], al
   920                                  .clock:
   921                                      ; numeric coprocessor: FNINIT/FNSTSW/FNSTCW probe with CR0.EM/TS clear
   922                                      ; (the BDA equipment bit is not final yet when setup runs from POST)
   923 000000DD 0F20C0                      mov  eax, cr0
   924 000000E0 6650                        push eax
   925 000000E2 24F3                        and  al, 0xF3
   926 000000E4 0F22C0                      mov  cr0, eax
   927 000000E7 DBE3                        fninit
   928 000000E9 C70690EF5A5A                mov  word [BU_BUF], 0x5A5A
   929 000000EF DD3E90EF                    fnstsw [BU_BUF]
   930 000000F3 803E90EF00                  cmp  byte [BU_BUF], 0
   931 000000F8 7514                        jne  .nofpu
   932 000000FA D93E90EF                    fnstcw [BU_BUF]
   933 000000FE A190EF                      mov  ax, [BU_BUF]
   934 00000101 253F10                      and  ax, 0x103F
   935 00000104 83F83F                      cmp  ax, 0x003F
   936 00000107 7505                        jne  .nofpu
   937 00000109 C60687EF01                  mov  byte [BU_FPU], 1
   938                                  .nofpu:
   939 0000010E 6658                        pop  eax
   940 00000110 0F22C0                      mov  cr0, eax
   941                                      ; PIT channel 2, mode 0, count FFFFh, gated by port 61h bit 0
   942 00000113 FA                          cli
   943 00000114 E461                        in   al, 0x61
   944 00000116 50                          push ax
   945 00000117 24FC                        and  al, 0xFC
   946 00000119 E661                        out  0x61, al
   947 0000011B B0B0                        mov  al, 0xB0
   948 0000011D E643                        out  0x43, al
   949 0000011F B0FF                        mov  al, 0xFF
   950 00000121 E642                        out  0x42, al
   951 00000123 E642                        out  0x42, al
   952 00000125 E461                        in   al, 0x61
   953 00000127 0C01                        or   al, 1
   954 00000129 E661                        out  0x61, al
   955 0000012B 9A[0000]0001                call 0x0100:bu_tloop           ; runs from the setup's RAM copy
   956 00000130 B080                        mov  al, 0x80                  ; latch channel 2
   957 00000132 E643                        out  0x43, al
   958 00000134 E442                        in   al, 0x42
   959 00000136 88C4                        mov  ah, al
   960 00000138 E442                        in   al, 0x42
   961 0000013A 86C4                        xchg al, ah
   962 0000013C F7D0                        not  ax                        ; elapsed PIT ticks
   963 0000013E 89C3                        mov  bx, ax
   964 00000140 58                          pop  ax
   965 00000141 E661                        out  0x61, al
   966 00000143 FB                          sti
   967                                      ; MHz*10 = K[cpu] / ticks
   968 00000144 31F6                        xor  si, si
   969 00000146 A086EF                      mov  al, [BU_CPU]
   970 00000149 3C04                        cmp  al, 4
   971 0000014B 7208                        jb   .k
   972 0000014D BE0400                      mov  si, 4
   973 00000150 7403                        je   .k
   974 00000152 BE0800                      mov  si, 8
   975 00000155 668B84[8B01]            .k: mov  eax, [si+clock_k]
   976 0000015A 6631D2                      xor  edx, edx
   977 0000015D 660FB7DB                    movzx ebx, bx
   978 00000161 09DB                        or   bx, bx
   979 00000163 7423                        jz   .done
   980 00000165 66F7F3                      div  ebx
   981                                      ; snap to the nearest standard clock within 1/16
   982 00000168 BE[9701]                    mov  si, clock_std
   983                                  .sn:
   984 0000016B 8B0C                        mov  cx, [si]
   985 0000016D E316                        jcxz .store
   986 0000016F 83C602                      add  si, 2
   987 00000172 89C2                        mov  dx, ax
   988 00000174 29CA                        sub  dx, cx
   989 00000176 7902                        jns  .abs
   990 00000178 F7DA                        neg  dx
   991                                  .abs:
   992 0000017A 89CB                        mov  bx, cx
   993 0000017C C1EB04                      shr  bx, 4
   994 0000017F 39DA                        cmp  dx, bx
   995 00000181 77E8                        ja   .sn
   996 00000183 89C8                        mov  ax, cx
   997                                  .store:
   998 00000185 A384EF                      mov  [BU_MHZ], ax
   999                                  .done:
  1000 00000188 6661                        popad
  1001 0000018A C3                          ret
  1002                                  
  1003                                  
  1004                                  ; cycles per loop iteration x 2000 x 11.93182 (PIT MHz x 10)
  1005                                  clock_k:
  1006 0000018B 902F4500                    dd 190 * 23864                 ; 386:  8 x DIV r16 (22) + LOOP
  1007 0000018F 88764800                    dd 199 * 23864                 ; 486:  8 x DIV r16 (24) + LOOP
  1008 00000193 10034B00                    dd 206 * 23864                 ; 586+: 8 x DIV r16 (25) + LOOP
  1009                                  clock_std:
  1010 00000197 A000C800FA004D0190-         dw 160, 200, 250, 333, 400, 500, 600, 666, 750, 800, 1000, 1200, 1330, 1500, 1660, 2000, 0
  1010 000001A0 01F40158029A02EE02-
  1010 000001A9 2003E803B0043205DC-
  1010 000001B2 057C06D0070000     
  1011                                  
  1012                                  page_handlers:
  1013 000001B9 EC00DE0B050C                dw H_STD, H_ADV, H_CHIP
  1014                                  
  1015                                  tab_table:
  1016 000001BF 03                          db 3
  1017 000001C0 [1D03]                      dw s_tab0
  1018 000001C2 0E                          db 14
  1019 000001C3 [2703]                      dw s_tab1
  1020 000001C5 1A                          db 26
  1021 000001C6 [3203]                      dw s_tab2
  1022 000001C8 26                          db 38
  1023 000001C9 [3D03]                      dw s_tab3
  1024 000001CB 31                          db 49
  1025 000001CC [4703]                      dw s_tab4
  1026 000001CE 3A                          db 58
  1027 000001CF [4F03]                      dw s_tab5
  1028                                  
  1029                                  ; list entries: label, help, AMI item number, handler
  1030                                  tools_list:
  1031 000001D1 [E303]                      dw s_it_def
  1032 000001D3 4F2D                        dw S_HELP_DEF
  1033 000001D5 05                          db 5
  1034 000001D6 8654                        dw H_DEF
  1035 000001D8 [FC03]                      dw s_it_pon
  1036 000001DA 9B2D                        dw S_HELP_PON
  1037 000001DC 06                          db 6
  1038 000001DD 8654                        dw H_DEF
  1039 000001DF [1304]                      dw s_it_pwd
  1040 000001E1 E52D                        dw S_HELP_PWD
  1041 000001E3 07                          db 7
  1042 000001E4 C8F1                        dw H_PWD
  1043 000001E6 [2304]                      dw s_it_det
  1044 000001E8 112E                        dw S_HELP_DET
  1045 000001EA 08                          db 8
  1046 000001EB 444A                        dw H_DETECT
  1047 000001ED C0EF                        dw BU_AUTOLBL
  1048 000001EF [8100]                      dw s_help_auto
  1049 000001F1 08                          db 8
  1050 000001F2 [2500]                      dw bu_autotoggle
  1051                                  
  1052                                  exit_list:
  1053 000001F4 [3904]                      dw s_it_sav
  1054 000001F6 7C2E                        dw S_HELP_SAV
  1055 000001F8 0A                          db 10
  1056 000001F9 DD29                        dw A_SAVEEXIT
  1057 000001FB [5004]                      dw s_it_qut
  1058 000001FD 752E                        dw S_HELP_QUT
  1059 000001FF 0B                          db 11
  1060 00000200 EC29                        dw A_QUIT
  1061                                  
  1062                                  ; Summary page: row, column, label, value descriptor
  1063                                  %define LC 3
  1064                                  %define RC 42
  1065                                  sum_table:
  1066 00000202 0503                        db 5,  LC
  1067 00000204 [6404][4603]                dw l_cpu,    f_cpu
  1068 00000208 0603                        db 6,  LC
  1069 0000020A [6D04][5D03]                dw l_clock,  f_mhz
  1070 0000020E 0703                        db 7,  LC
  1071 00000210 [7704][8A03]                dw l_fpu,    f_fpu
  1072 00000214 0803                        db 8,  LC
  1073 00000216 [8104][6F05]                dw l_chip,   s_chipset
  1074 0000021A 0A03                        db 10, LC
  1075 0000021C [8904][9803]                dw l_base,   f_base
  1076 00000220 0B03                        db 11, LC
  1077 00000222 [9504][AD03]                dw l_ext,    f_ext
  1078 00000226 0C03                        db 12, LC
  1079 00000228 [A504][B203]                dw l_total,  f_total
  1080 0000022C 0E03                        db 14, LC
  1081 0000022E [B204]E7BD                  dw l_cache,  R_EXTCACHE
  1082 00000232 0F03                        db 15, LC
  1083 00000234 [C104]8FBE                  dw l_vshad,  R_VSHADOW
  1084 00000238 1003                        db 16, LC
  1085 0000023A [CE04]57C0                  dw l_sshad,  R_SSHADOW
  1086 0000023E 1203                        db 18, LC
  1087 00000240 [DC04][7E05]                dw l_core,   s_core
  1088 00000244 1303                        db 19, LC
  1089 00000246 [E604][8F05]                dw l_ver,    s_ver
  1090 0000024A 052A                        db 5,  RC
  1091 0000024C [ED04][C203]                dw l_fda,    f_fda
  1092 00000250 062A                        db 6,  RC
  1093 00000252 [F704][CA03]                dw l_fdb,    f_fdb
  1094 00000256 082A                        db 8,  RC
  1095 00000258 [0105][5504]                dw l_hdc,    f_c0
  1096 0000025C 092A                        db 9,  RC
  1097 0000025E [1B05][9704]                dw l_phys,   f_c1
  1098 00000262 0A2A                        db 10, RC
  1099 00000264 [2805][AE04]                dw l_log,    f_c2
  1100 00000268 0C2A                        db 12, RC
  1101 0000026A [0E05][5904]                dw l_hdd,    f_d0
  1102 0000026E 0D2A                        db 13, RC
  1103 00000270 [1B05][9B04]                dw l_phys,   f_d1
  1104 00000274 0E2A                        db 14, RC
  1105 00000276 [2805][B204]                dw l_log,    f_d2
  1106 0000027A 102A                        db 16, RC
  1107 0000027C [3705]A3BD                  dw l_boot,   R_BOOTSEQ
  1108 00000280 112A                        db 17, RC
  1109 00000282 [4505]1DBD                  dw l_numl,   R_NUMLOCK
  1110 00000286 122A                        db 18, RC
  1111 00000288 [5205]6DBE                  dw l_pwd,    R_PASSWORD
  1112 0000028C 132A                        db 19, RC
  1113 0000028E [6105][E603]                dw l_video,  f_video
  1114 00000292 FF                          db 0xFF
  1115                                  
  1116 00000293 [9305][9905][9F05]-     cpu_names:   dw s_386, s_486, s_586, s_686
  1116 00000299 [A705]             
  1117                                  
  1118                                  ; date/time fields of the Standard page: position, max digits, kind
  1119                                  dt_fields:
  1120 0000029B 1B05                        dw 0x051B
  1121 0000029D 0200                        db 2, 0                        ; month
  1122 0000029F 1F05                        dw 0x051F
  1123 000002A1 0201                        db 2, 1                        ; day
  1124 000002A3 2205                        dw 0x0522
  1125 000002A5 0402                        db 4, 2                        ; year
  1126 000002A7 1606                        dw 0x0616
  1127 000002A9 0203                        db 2, 3                        ; hour
  1128 000002AB 1B06                        dw 0x061B
  1129 000002AD 0204                        db 2, 4                        ; minute
  1130 000002AF 2006                        dw 0x0620
  1131 000002B1 0205                        db 2, 5                        ; second
  1132 000002B3 0000                        dw 0
  1133 000002B5 BD6FAC6F9B6F8A6F        video_names: dw S_VGA, S_COL40, S_COL80, S_MONO
  1134                                  
  1135                                  ; active-tab attribute per colour scheme (index = CMOS 37h low nibble)
  1136                                  tab_attrs:
  1137 000002BD 2060207070702060            db 0x20, 0x60, 0x20, 0x70, 0x70, 0x70, 0x20, 0x60
  1138 000002C5 2070707020602070            db 0x20, 0x70, 0x70, 0x70, 0x20, 0x60, 0x20, 0x70
  1139                                  
  1140 000002CD 425542696F73202874-     s_title:   db "BUBios (tm)    Copyright (c) 2026 Bits und Bolts    Ver 2.1    Port OPTi 495SLC", 0
  1140 000002D6 6D2920202020436F70-
  1140 000002DF 797269676874202863-
  1140 000002E8 292032303236204269-
  1140 000002F1 747320756E6420426F-
  1140 000002FA 6C7473202020205665-
  1140 00000303 7220322E3120202020-
  1140 0000030C 506F7274204F505469-
  1140 00000315 20343935534C4300   
  1141 0000031D 2053756D6D61727920-     s_tab0:    db " Summary ", 0
  1141 00000326 00                 
  1142 00000327 205374616E64617264-     s_tab1:    db " Standard ", 0
  1142 00000330 2000               
  1143 00000332 20416476616E636564-     s_tab2:    db " Advanced ", 0
  1143 0000033B 2000               
  1144 0000033D 204368697073657420-     s_tab3:    db " Chipset ", 0
  1144 00000346 00                 
  1145 00000347 20546F6F6C732000        s_tab4:    db " Tools ", 0
  1146 0000034F 20457869742000          s_tab5:    db " Exit ", 0
  1147 00000356 B5204553433A457869-     s_foot_main: db 0xB5, " ESC:Exit  Tab/Shift-Tab:Page  ", 0x18, 0x19, ":Select  Enter:Run  F2/F3:Color  F10:Save & Exit ", 0xC6, 0
  1147 0000035F 7420205461622F5368-
  1147 00000368 6966742D5461623A50-
  1147 00000371 616765202018193A53-
  1147 0000037A 656C6563742020456E-
  1147 00000383 7465723A52756E2020-
  1147 0000038C 46322F46333A436F6C-
  1147 00000395 6F7220204631303A53-
  1147 0000039E 617665202620457869-
  1147 000003A7 7420C600           
  1148 000003AB 4269747320756E6420-     s_tagline: db "Bits und Bolts  ", 0xFE, "  ECHS large-disk support up to 8.4 GB", 0
  1148 000003B4 426F6C74732020FE20-
  1148 000003BD 2045434853206C6172-
  1148 000003C6 67652D6469736B2073-
  1148 000003CF 7570706F7274207570-
  1148 000003D8 20746F20382E342047-
  1148 000003E1 4200               
  1149                                  
  1150 000003E3 4C6F61642042494F53-     s_it_def:  db "Load BIOS Setup Defaults", 0
  1150 000003EC 205365747570204465-
  1150 000003F5 6661756C747300     
  1151 000003FC 4C6F616420506F7765-     s_it_pon:  db "Load Power-On Defaults", 0
  1151 00000405 722D4F6E2044656661-
  1151 0000040E 756C747300         
  1152 00000413 4368616E6765205061-     s_it_pwd:  db "Change Password", 0
  1152 0000041C 7373776F726400     
  1153 00000423 4175746F2D44657465-     s_it_det:  db "Auto-Detect Hard Disk", 0
  1153 0000042C 637420486172642044-
  1153 00000435 69736B00           
  1154 00000439 536176652053657474-     s_it_sav:  db "Save Settings and Exit", 0
  1154 00000442 696E677320616E6420-
  1154 0000044B 4578697400         
  1155 00000450 457869742057697468-     s_it_qut:  db "Exit Without Saving", 0
  1155 00000459 6F757420536176696E-
  1155 00000462 6700               
  1156                                  
  1157 00000464 435055205479706500      l_cpu:     db "CPU Type", 0
  1158 0000046D 43505520436C6F636B-     l_clock:   db "CPU Clock", 0
  1158 00000476 00                 
  1159 00000477 4D61746820556E6974-     l_fpu:     db "Math Unit", 0
  1159 00000480 00                 
  1160 00000481 4368697073657400        l_chip:    db "Chipset", 0
  1161 00000489 42617365204D656D6F-     l_base:    db "Base Memory", 0
  1161 00000492 727900             
  1162 00000495 457874656E64656420-     l_ext:     db "Extended Memory", 0
  1162 0000049E 4D656D6F727900     
  1163 000004A5 546F74616C204D656D-     l_total:   db "Total Memory", 0
  1163 000004AE 6F727900           
  1164 000004B2 45787465726E616C20-     l_cache:   db "External Cache", 0
  1164 000004BB 436163686500       
  1165 000004C1 566964656F20536861-     l_vshad:   db "Video Shadow", 0
  1165 000004CA 646F7700           
  1166 000004CE 53797374656D205368-     l_sshad:   db "System Shadow", 0
  1166 000004D7 61646F7700         
  1167 000004DC 42494F5320436F7265-     l_core:    db "BIOS Core", 0
  1167 000004E5 00                 
  1168 000004E6 425542696F7300          l_ver:     db "BUBios", 0
  1169 000004ED 466C6F70707920413A-     l_fda:     db "Floppy A:", 0
  1169 000004F6 00                 
  1170 000004F7 466C6F70707920423A-     l_fdb:     db "Floppy B:", 0
  1170 00000500 00                 
  1171 00000501 48617264204469736B-     l_hdc:     db "Hard Disk C:", 0
  1171 0000050A 20433A00           
  1172 0000050E 48617264204469736B-     l_hdd:     db "Hard Disk D:", 0
  1172 00000517 20443A00           
  1173 0000051B 20C3C4205068797369-     l_phys:    db " ", 0xC3, 0xC4, " Physical", 0
  1173 00000524 63616C00           
  1174 00000528 20C0C420444F532028-     l_log:     db " ", 0xC0, 0xC4, " DOS (ECHS)", 0
  1174 00000531 454348532900       
  1175 00000537 426F6F742053657175-     l_boot:    db "Boot Sequence", 0
  1175 00000540 656E636500         
  1176 00000545 426F6F74204E756D4C-     l_numl:    db "Boot NumLock", 0
  1176 0000054E 6F636B00           
  1177 00000552 50617373776F726420-     l_pwd:     db "Password Check", 0
  1177 0000055B 436865636B00       
  1178 00000561 566964656F20446973-     l_video:   db "Video Display", 0
  1178 0000056A 706C617900         
  1179                                  
  1180 0000056F 4F5054692038324334-     s_chipset: db "OPTi 82C495SLC", 0
  1180 00000578 3935534C4300       
  1181 0000057E 414D4942494F532031-     s_core:    db "AMIBIOS 11/11/92", 0
  1181 00000587 312F31312F393200   
  1182 0000058F 322E3100                s_ver:     db "2.1", 0
  1183 00000593 383033383600            s_386:     db "80386", 0
  1184 00000599 383034383600            s_486:     db "80486", 0
  1185 0000059F 50656E7469756D00        s_586:     db "Pentium", 0
  1186 000005A7 36383620636C617373-     s_686:     db "686 class", 0
  1186 000005B0 00                 
  1187 000005B1 204D487A00              s_mhz:     db " MHz", 0
  1188 000005B6 50726573656E7400        s_present: db "Present", 0
  1189 000005BE 4E6F6E6500              s_none:    db "None", 0
  1190 000005C3 6E6F74206E65656465-     s_notrans: db "not needed", 0
  1190 000005CC 6400               
  1191 000005CE 204D4220205B00          s_mb_type: db " MB  [", 0
  1192                                  
  1193                                  data_end:
  1194                                  
  1195                                  ; =====================================================================
  1196                                  section code2 start=0x1000 vstart=0x7F14
  1197                                  ; =====================================================================
  1198                                  ; bu_dtentry -- numeric entry for a date/time field of the Standard page
  1199                                  ;   In : AL = first digit typed, [BU_DTPOS]/[BU_DTW] = field
  1200                                  ;   Out: AX = key to hand back to AMI's field loop
  1201                                  ;        Enter (next field) after a commit, 0 (ignored) after ESC,
  1202                                  ;        or the navigation key that ended the entry.
  1203                                  ;   Digits fill the field; it commits by itself when full.  Backspace
  1204                                  ;   deletes, ESC cancels.  Years may be typed with 2 or 4 digits.
  1205                                  bu_dtentry:
  1206 00000000 53                          push bx
  1207 00000001 51                          push cx
  1208 00000002 52                          push dx
  1209 00000003 56                          push si
  1210 00000004 57                          push di
  1211 00000005 55                          push bp
  1212 00000006 06                          push es
  1213 00000007 6A00                        push 0
  1214 00000009 07                          pop  es
  1215 0000000A 2680068E0240                add  byte [es:0x28E], 0x40     ; hold AMI's once-a-second clock redraw
  1216 00000010 8B1688EF                    mov  dx, [BU_DTPOS]
  1217 00000014 BE[9B02]                    mov  si, dt_fields
  1218                                  .find:
  1219 00000017 833C00                      cmp  word [si], 0
  1220 0000001A 7409                        je   .none
  1221 0000001C 3914                        cmp  [si], dx
  1222 0000001E 7409                        je   .found
  1223 00000020 83C604                      add  si, 4
  1224 00000023 EBF2                        jmp  .find
  1225                                  .none:
  1226 00000025 31C0                        xor  ax, ax
  1227 00000027 EB70                        jmp  .done
  1228                                  .found:
  1229 00000029 C60690EF20                  mov  byte [BU_BUF], ' '
  1230 0000002E 31ED                        xor  bp, bp                    ; value
  1231 00000030 31C9                        xor  cx, cx                    ; CL = digits typed
  1232                                  .digit:
  1233 00000032 3A4C02                      cmp  cl, [si+2]
  1234 00000035 731D                        jae  .key
  1235 00000037 88CB                        mov  bl, cl
  1236 00000039 30FF                        xor  bh, bh
  1237 0000003B 888791EF                    mov  [bx+BU_BUF+1], al
  1238 0000003F 2C30                        sub  al, '0'
  1239 00000041 98                          cbw
  1240 00000042 95                          xchg ax, bp
  1241 00000043 BB0A00                      mov  bx, 10
  1242 00000046 F7E3                        mul  bx
  1243 00000048 01C5                        add  bp, ax
  1244 0000004A FEC1                        inc  cl
  1245 0000004C E85B00                      call dt_echo
  1246 0000004F 3A4C02                      cmp  cl, [si+2]
  1247 00000052 7338                        jae  .enter                    ; field full: commit, next field
  1248                                  .key:
  1249 00000054 B400                        mov  ah, 0
  1250 00000056 CD16                        int  0x16
  1251 00000058 3C30                        cmp  al, '0'
  1252 0000005A 7204                        jb   .nd
  1253 0000005C 3C39                        cmp  al, '9'
  1254 0000005E 76D2                        jbe  .digit
  1255                                  .nd:
  1256 00000060 3D080E                      cmp  ax, 0x0E08                ; Backspace
  1257 00000063 7516                        jne  .ne
  1258 00000065 08C9                        or   cl, cl
  1259 00000067 74EB                        jz   .key
  1260 00000069 FEC9                        dec  cl
  1261 0000006B 89E8                        mov  ax, bp
  1262 0000006D 31D2                        xor  dx, dx
  1263 0000006F BB0A00                      mov  bx, 10
  1264 00000072 F7F3                        div  bx
  1265 00000074 89C5                        mov  bp, ax
  1266 00000076 E83100                      call dt_echo
  1267 00000079 EBD9                        jmp  .key
  1268                                  .ne:
  1269 0000007B 80FC01                      cmp  ah, 1                     ; ESC: cancel
  1270 0000007E 7414                        je   .cancel
  1271 00000080 3D0D1C                      cmp  ax, 0x1C0D
  1272 00000083 7407                        je   .enter
  1273 00000085 50                          push ax                        ; any other key: commit and pass it on
  1274 00000086 E8(0000)                    call dt_commit
  1275 00000089 58                          pop  ax
  1276 0000008A EB0D                        jmp  .done
  1277                                  .enter:
  1278 0000008C E8(0000)                    call dt_commit
  1279 0000008F B80D1C                      mov  ax, 0x1C0D
  1280 00000092 EB05                        jmp  .done
  1281                                  .cancel:
  1282 00000094 E8(2260)                    call A_DTSHOW
  1283 00000097 31C0                        xor  ax, ax
  1284                                  .done:
  1285 00000099 6A00                        push 0
  1286 0000009B 07                          pop  es
  1287 0000009C 26802E8E0240                sub  byte [es:0x28E], 0x40
  1288 000000A2 07                          pop  es
  1289 000000A3 5D                          pop  bp
  1290 000000A4 5F                          pop  di
  1291 000000A5 5E                          pop  si
  1292 000000A6 5A                          pop  dx
  1293 000000A7 59                          pop  cx
  1294 000000A8 5B                          pop  bx
  1295 000000A9 C3                          ret
  1296                                  
  1297                                  ; show " digits" padded to the field width, in the highlight colour
  1298                                  dt_echo:
  1299 000000AA 60                          pusha
  1300 000000AB 88CB                        mov  bl, cl
  1301 000000AD 30FF                        xor  bh, bh
  1302 000000AF 8DBF91EF                    lea  di, [bx+BU_BUF+1]
  1303 000000B3 0FB6068AEF                  movzx ax, byte [BU_DTW]
  1304 000000B8 0590EF                      add  ax, BU_BUF
  1305                                  .pad:
  1306 000000BB 39C7                        cmp  di, ax
  1307 000000BD 7306                        jae  .pz
  1308 000000BF C60520                      mov  byte [di], ' '
  1309 000000C2 47                          inc  di
  1310 000000C3 EBF6                        jmp  .pad
  1311                                  .pz:
  1312 000000C5 C60500                      mov  byte [di], 0
  1313 000000C8 A0A3E1                      mov  al, [C_SEL]
  1314 000000CB A29FE1                      mov  [V_ATTR], al
  1315 000000CE A188EF                      mov  ax, [BU_DTPOS]            ; the field's highlight starts at its column
  1316 000000D1 BB90EF                      mov  bx, BU_BUF
  1317 000000D4 E8(DF52)                    call A_PRINT
  1318 000000D7 61                          popa
  1319 000000D8 C3                          ret
  1320                                  
  1321                                  ; =====================================================================
  1322                                  section code3 start=0x1400 vstart=0x7856
  1323                                  ; =====================================================================
  1324                                  ; dt_commit -- write the typed value to the RTC (if valid) and redraw
  1325                                  ;   In: BP = value, CL = digits typed, SI -> dt_fields entry
  1326                                  dt_commit:
  1327 00000000 08C9                        or   cl, cl
  1328 00000002 0F849500                    jz   .show
  1329 00000006 89EB                        mov  bx, bp
  1330 00000008 8A4403                      mov  al, [si+3]
  1331 0000000B 3C03                        cmp  al, 3
  1332 0000000D 7358                        jae  .time
  1333 0000000F 50                          push ax
  1334 00000010 E8(8061)                    call A_GETDATE
  1335 00000013 58                          pop  ax
  1336 00000014 3C01                        cmp  al, 1
  1337 00000016 7237                        jb   .mon
  1338 00000018 7441                        je   .day
  1339 0000001A 83FB64                      cmp  bx, 100                   ; year: 2 digits -> 1980..2079
  1340 0000001D 730D                        jae  .y4
  1341 0000001F 81C36C07                    add  bx, 1900
  1342 00000023 81FBBC07                    cmp  bx, 1980
  1343 00000027 7303                        jae  .y4
  1344 00000029 83C364                      add  bx, 100
  1345                                  .y4:
  1346 0000002C 81FB6D07                    cmp  bx, 1901
  1347 00000030 7269                        jb   .show
  1348 00000032 81FB3308                    cmp  bx, 2099
  1349 00000036 7763                        ja   .show
  1350 00000038 89D8                        mov  ax, bx
  1351 0000003A B364                        mov  bl, 100
  1352 0000003C F6F3                        div  bl
  1353 0000003E 88E7                        mov  bh, ah
  1354 00000040 E8(0505)                    call dt_bcd
  1355 00000043 88C5                        mov  ch, al
  1356 00000045 88F8                        mov  al, bh
  1357 00000047 E8(0505)                    call dt_bcd
  1358 0000004A 88C1                        mov  cl, al
  1359 0000004C E9(CB5F)                    jmp  A_SETDATE
  1360                                  .mon:
  1361 0000004F B40C                        mov  ah, 12
  1362 00000051 E8(F004)                    call dt_range1
  1363 00000054 7245                        jc   .show
  1364 00000056 88C6                        mov  dh, al
  1365 00000058 E9(CB5F)                    jmp  A_SETDATE
  1366                                  .day:
  1367 0000005B B41F                        mov  ah, 31
  1368 0000005D E8(F004)                    call dt_range1
  1369 00000060 7239                        jc   .show
  1370 00000062 88C2                        mov  dl, al
  1371 00000064 E9(CB5F)                    jmp  A_SETDATE
  1372                                  .time:
  1373 00000067 50                          push ax
  1374 00000068 E8(BA61)                    call A_GETTIME
  1375 0000006B 58                          pop  ax
  1376 0000006C 83FB3B                      cmp  bx, 59
  1377 0000006F 772A                        ja   .show
  1378 00000071 3C04                        cmp  al, 4
  1379 00000073 7216                        jb   .hour
  1380 00000075 50                          push ax
  1381 00000076 88D8                        mov  al, bl
  1382 00000078 E8(0505)                    call dt_bcd
  1383 0000007B 88C4                        mov  ah, al
  1384 0000007D 5B                          pop  bx                        ; BL = kind
  1385 0000007E 80FB04                      cmp  bl, 4
  1386 00000081 7404                        je   .min
  1387 00000083 88E6                        mov  dh, ah
  1388 00000085 EB10                        jmp  .sett
  1389                                  .min:
  1390 00000087 88E1                        mov  cl, ah
  1391 00000089 EB0C                        jmp  .sett
  1392                                  .hour:
  1393 0000008B 83FB17                      cmp  bx, 23
  1394 0000008E 770B                        ja   .show
  1395 00000090 88D8                        mov  al, bl
  1396 00000092 E8(0505)                    call dt_bcd
  1397 00000095 88C5                        mov  ch, al
  1398                                  .sett:
  1399 00000097 B403                        mov  ah, 3
  1400 00000099 CD1A                        int  0x1A
  1401                                  .show:
  1402 0000009B E9(2260)                    jmp  A_DTSHOW
  1403                                  
  1404                                  code3_end:
  1405                                  %include "post.asm"
     1                              <1> ; =====================================================================
     2                              <1> ;  BUBios 2.1 -- POST screen, drive auto-detection, INT 13h extensions
     3                              <1> ;
     4                              <1> ;  POST screen: replaces AMI's start-up text (logo line, "Hit <DEL>", the
     5                              <1> ;  memory count, "WAIT......", the configuration box and the end-of-POST
     6                              <1> ;  beep) with one screen that is drawn after the video card's own sign-on
     7                              <1> ;  and filled in while POST runs.  AMI's POST itself is not changed:
     8                              <1> ;  every hook replaces a print, or calls the AMI routine it replaces first.
     9                              <1> ;
    10                              <1> ;  Hook sites (patched and verified by py/build_bubios.py):
    11                              <1> ;    0x593B  MOV SI,8100 / CALL F52E (logo)  -> NOP x6
    12                              <1> ;    0x5945  CALL F42E (BIOS ID lines)       -> CALL bu_post_init
    13                              <1> ;    0x12BF  MOV SI,8100 / CALL F52E (logo)  -> NOP x6  (redraw after SETUP)
    14                              <1> ;    0x12C6  CALL F42E                       -> CALL bu_post_init
    15                              <1> ;    0x12CD  MOV SI,76AC / CALL F52E (WAIT)  -> CALL bu_wait + NOP x3
    16                              <1> ;    0x4F04  MOV SI,7688 / CALL F52E (DEL)   -> CALL bu_delmsg + NOP x3
    17                              <1> ;    0x4EA1  memory count print (49 bytes)   -> MOV AX,BX / ADD AX,BP /
    18                              <1> ;                                               CALL bu_memshow / JMP 4ED2
    19                              <1> ;    0x4CB4  CALL 4CD3 / MOV SI,76AC / CALL F52E (WAIT)
    20                              <1> ;                                            -> CALL bu_wait + NOP x6
    21                              <1> ;    0x120D, 0x158C  CALL 1656 (error list)  -> CALL bu_errors
    22                              <1> ;    0x1610  CALL F571 (end-of-POST beep)    -> CALL bu_chime
    23                              <1> ;    0x1613  CALL 16B7 (clear screen)        -> CALL bu_refresh
    24                              <1> ;    0x164C  CALL 39C0 (AMI config box)      -> CALL bu_final
    25                              <1> ;    0xF3DB  AMI's on-screen copyright check -> RET
    26                              <1> ;    0xA3E7  INT 13h entry (CMP DL,80/STI/CLD) -> JMP bu_int13 + NOP x2
    27                              <1> ;
    28                              <1> ;  All POST code runs from segment F000 in real mode, with DS = 0040h
    29                              <1> ;  (BDA) on AMI's POST stack (0030:0100).  State between the hooks lives
    30                              <1> ;  in the BDA inter-application area 40:F0-40:FF; bu_final clears it
    31                              <1> ;  before the boot.  Strings shared with the setup pages are read from the
    32                              <1> ;  BUBios data block (F000:79xx) with CS overrides.
    33                              <1> ;
    34                              <1> ;  Space used (all freed from dead AMI code, see README.md):
    35                              <1> ;    post1  0x39C0-0x3B83   hooks
    36                              <1> ;    post2  0x3B8F-0x4167   screen drawing
    37                              <1> ;    post3  0x429D-0x49DA   end of POST, IDENTIFY, auto-detect, texts
    38                              <1> ;    lba    0x3292-0x3481   INT 13h extensions (AH=41h-48h)
    39                              <1> ;    tools  0x19B0-0x1A79   setup: "Auto-Detect Disks at Boot" switch
    40                              <1> ; =====================================================================
    41                              <1> 
    42                              <1> ; ---- AMI POST routines ----------------------------------------------
    43                              <1> P_BIOSID   equ 0xF42E     ; BIOS ID lines (also sets the A20 gate, keep it)
    44                              <1> P_CMOSRD   equ 0xEE94     ; AL = CMOS register AL
    45                              <1> P_CMOSWR   equ 0xEE9D     ; CMOS register AL = AH
    46                              <1> P_CHIPRD   equ 0x8EE3     ; AL = OPTi register AL (ports 22h/24h)
    47                              <1> P_OPTION   equ 0x8300     ; ZF=1 if AMI CMOS option AL is set
    48                              <1> P_SETUP    equ 0xF104     ; password check (if set) + SETUP, as POST calls it
    49                              <1> S_BIOSID   equ 0x8078     ; "40-040A-001102-00101111-111192-OP495SLC"
    50                              <1> O_BOOTSEQ  equ 0xB870     ; byte: AMI option code of "System Boot Up Sequence"
    51                              <1> INT13_CONT equ 0xA3EC     ; AMI INT 13h after CMP DL,80h / STI / CLD
    52                              <1> INT13_FLOP equ 0xA446     ; (for reference: DL < 80h goes on to INT 40h)
    53                              <1> 
    54                              <1> ; ---- BUBios CMOS switch (outside both AMI checksums) -----------------
    55                              <1> CM_FLAGS   equ 0x7F       ; bit0 = auto-detect disks at boot
    56                              <1> CM_CHECK   equ 0x7E       ; = CM_FLAGS xor 0A5h, else the flags are ignored
    57                              <1> 
    58                              <1> ; ---- state in the BDA inter-application area (DS = 0040h) ----------
    59                              <1> ST_FLAG    equ 0xF0       ; FLAG_UP = our screen is up (this POST)
    60                              <1> FLAG_UP    equ 0xB2
    61                              <1> ST_CPU     equ 0xF1       ; 3/4/5/6 = family, +80h = Cyrix core
    62                              <1> ST_FPU     equ 0xF2       ; 1 = coprocessor answered (probed at the end of POST)
    63                              <1> ST_SCH     equ 0xF3       ; colour scheme 0..5, 6 = monochrome
    64                              <1> ST_T0      equ 0xF4       ; word: RTC minute*60+second at the start
    65                              <1> ST_UNITS   equ 0xF6       ; word: 64 KB blocks counted so far
    66                              <1> ST_TOTAL   equ 0xF8       ; word: 64 KB blocks in total (0 = unknown)
    67                              <1> ST_STAT    equ 0xFA       ; word: status line text
    68                              <1> ST_MHZ     equ 0xFC       ; word: measured clock x10 (0 = not shown yet)
    69                              <1> ST_DISK    equ 0xFE       ; bit0/1: C:/D: identified, bit4/5: C:/D: absent
    70                              <1> ST_MISC    equ 0xFF       ; bit0: POST time not meaningful (SETUP visited), bit1: end of POST
    71                              <1>                           ; bit1: memory test done (say 'Disabled' for cache)
    72                              <1> 
    73                              <1> ; ---- low memory used only while POST runs ---------------------------
    74                              <1> TLOOP_SEG  equ 0x07C0     ; timing loop copied to 07C0:0000 (= 0:7C00)
    75                              <1> 
    76                              <1> ; ---- timing: port 61h bit 4 toggles every 15.09 us --------------------
    77                              <1> SPLASH_T   equ 2          ; seconds the video card's sign-on stays visible
    78                              <1> BOOT_T     equ 3          ; seconds of countdown before the boot
    79                              <1> T_SECOND   equ 66         ; x 1000 toggles = 1 s
    80                              <1> 
    81                              <1> ; ---- attribute indices ------------------------------------------------
    82                              <1> AT_BG      equ 0
    83                              <1> AT_TITLE   equ 1
    84                              <1> AT_LABEL   equ 2
    85                              <1> AT_VALUE   equ 3
    86                              <1> AT_FILL    equ 4
    87                              <1> AT_EMPTY   equ 5
    88                              <1> AT_ACCENT  equ 6
    89                              <1> AT_ERR     equ 7
    90                              <1> AT_STAT    equ 8
    91                              <1> NATTR      equ 9
    92                              <1> 
    93                              <1> ; ---- layout -------------------------------------------------------------
    94                              <1> R_SYS      equ 2          ; rows 2..5: processor / system block
    95                              <1> R_MEM      equ 7          ; memory bar
    96                              <1> R_FDD      equ 9
    97                              <1> R_HDC      equ 10         ; rows 10-11 disk C:, 12-13 disk D:
    98                              <1> R_PORTS    equ 15
    99                              <1> R_ROMS     equ 16
   100                              <1> R_LINE     equ 17
   101                              <1> R_MSG      equ 18         ; rows 18..23: messages (AMI's errors)
   102                              <1> R_STAT     equ 24
   103                              <1> C_LBL      equ 2
   104                              <1> C_VAL      equ 15
   105                              <1> C_RLBL     equ 42
   106                              <1> C_RVAL     equ 55
   107                              <1> C_LBA      equ 58         ; "LBA nnnnn MB" on a disk's model row
   108                              <1> BAR_W      equ 40
   109                              <1> 
   110                              <1> %define POS(r,c) (((r) << 8) | (c))
   111                              <1> 
   112                              <1> ; =====================================================================
   113                              <1> section post1 start=0x1800 vstart=0x39C0
   114                              <1> ; =====================================================================
   115                              <1> 
   116                              <1> ; ---------------------------------------------------------------------
   117                              <1> ; bu_post_init -- replaces CALL F42E once the video BIOS is up
   118                              <1> ; ---------------------------------------------------------------------
   119                              <1> bu_post_init:
   120 00000000 E80F01              <1>     call enter
   121 00000003 E8(CC00)            <1>     call vid_es                    ; the video card's sign-on: leave it on
   122 00000006 803EF000B2          <1>     cmp  byte [ST_FLAG], FLAG_UP   ; screen for SPLASH_T seconds (only if
   123 0000000B 7418                <1>     je   .go                       ; there is one, and not after SETUP)
   124 0000000D 31FF                <1>     xor  di, di
   125 0000000F B9D007              <1>     mov  cx, 80*25
   126                              <1> .scan:
   127 00000012 268A05              <1>     mov  al, [es:di]
   128 00000015 47                  <1>     inc  di
   129 00000016 47                  <1>     inc  di
   130 00000017 3C20                <1>     cmp  al, ' '
   131 00000019 7704                <1>     ja   .splash
   132 0000001B E2F5                <1>     loop .scan
   133 0000001D EB06                <1>     jmp  short .go
   134                              <1> .splash:
   135 0000001F B98400              <1>     mov  cx, SPLASH_T * T_SECOND
   136 00000022 E8(2E00)            <1>     call wait_units
   137                              <1> .go:
   138 00000025 E8(2EF4)            <1>     call P_BIOSID                  ; AMI's ID lines: keep its A20 handling
   139 00000028 E8(4C00)            <1>     call cpu_detect
   140 0000002B C706FA00[B700]      <1>     mov  word [ST_STAT], s_st_mem
   141 00000031 803EF000B2          <1>     cmp  byte [ST_FLAG], FLAG_UP   ; second call (after SETUP): keep the
   142 00000036 750C                <1>     jne  .first                    ; memory count; the POST time would
   143 00000038 800EFF0001          <1>     or   byte [ST_MISC], 1         ; include the time spent in SETUP
   144 0000003D C606FE0000          <1>     mov  byte [ST_DISK], 0         ; ask the drives again (names, and
   145 00000042 EB1F                <1>     jmp  short .draw               ; auto-detect if SETUP switched it on)
   146                              <1> .first:
   147 00000044 C606F000B2          <1>     mov  byte [ST_FLAG], FLAG_UP
   148 00000049 E8(AD00)            <1>     call rtc_now
   149 0000004C A3F400              <1>     mov  [ST_T0], ax
   150 0000004F 31C0                <1>     xor  ax, ax
   151 00000051 A3F600              <1>     mov  [ST_UNITS], ax
   152 00000054 A3F800              <1>     mov  [ST_TOTAL], ax
   153 00000057 A3FC00              <1>     mov  [ST_MHZ], ax
   154 0000005A A3FE00              <1>     mov  [ST_DISK], ax             ; (and ST_MISC)
   155 0000005D E8(1B04)            <1>     call measure_clock             ; shown only if it is a standard clock
   156 00000060 E8(9F01)            <1>     call early_ports
   157                              <1> .draw:
   158 00000063 E8(E601)            <1>     call draw_all
   159 00000066 B91400              <1>     mov  cx, 20                    ; disks: a quick try (0.3 s) now, a
   160 00000069 E8(AD02)            <1>     call detect_disks              ; longer one after the memory test
   161 0000006C BA000F              <1>     mov  dx, POS(R_LINE-2, 0)      ; AMI keeps row+2 as its print row
   162 0000006F E99600              <1>     jmp  leave_cur
   163                              <1> 
   164                              <1> ; ---------------------------------------------------------------------
   165                              <1> ; bu_refresh -- replaces the clear-screen before the configuration box
   166                              <1> ; ---------------------------------------------------------------------
   167                              <1> bu_refresh:
   168 00000072 E89D00              <1>     call enter
   169 00000075 C706FA00[B606]      <1>     mov  word [ST_STAT], s_st_dev
   170 0000007B E8(CC00)            <1>     call vid_es
   171 0000007E 803EF000B2          <1>     cmp  byte [ST_FLAG], FLAG_UP
   172 00000083 7514                <1>     jne  .mode
   173 00000085 B001                <1>     mov  al, AT_TITLE              ; our screen still there? then no flash
   174 00000087 E8(F000)            <1>     call attr
   175 0000008A 263A260300          <1>     cmp  ah, [es:3]
   176 0000008F 7508                <1>     jne  .mode
   177 00000091 26803E020042        <1>     cmp  byte [es:2], 'B'
   178 00000097 7419                <1>     je   .keep
   179                              <1> .mode:
   180 00000099 8026FE00FC          <1>     and  byte [ST_DISK], 0xFC      ; names are gone: IDENTIFY again later
   181 0000009E B40F                <1>     mov  ah, 0x0F                  ; as AMI's 16B7: set the current mode again
   182 000000A0 CD10                <1>     int  0x10
   183 000000A2 B400                <1>     mov  ah, 0
   184 000000A4 CD10                <1>     int  0x10
   185 000000A6 803EF000B2          <1>     cmp  byte [ST_FLAG], FLAG_UP
   186 000000AB 755E                <1>     jne  hook_ret                  ; our screen was never set up
   187 000000AD E8(E601)            <1>     call draw_all
   188 000000B0 EB03                <1>     jmp  short .vals
   189                              <1> .keep:
   190 000000B2 E8(6F02)            <1>     call draw_status
   191                              <1> .vals:
   192 000000B5 E8(0000)            <1>     call fill_values
   193 000000B8 EB4B                <1>     jmp  short leave_line
   194                              <1> 
   195                              <1> ; ---------------------------------------------------------------------
   196                              <1> ; bu_delmsg / bu_wait -- status line texts
   197                              <1> ; ---------------------------------------------------------------------
   198                              <1> bu_delmsg:
   199 000000BA E85500              <1>     call enter
   200 000000BD B8[9F06]            <1>     mov  ax, s_st_del
   201 000000C0 EB33                <1>     jmp  short status
   202                              <1> bu_wait:                           ; memory test done: disks, values
   203 000000C2 E84D00              <1>     call enter
   204 000000C5 803EF000B2          <1>     cmp  byte [ST_FLAG], FLAG_UP
   205 000000CA 753F                <1>     jne  hook_ret
   206 000000CC C706FA00[B606]      <1>     mov  word [ST_STAT], s_st_dev
   207 000000D2 E8(CC00)            <1>     call vid_es
   208 000000D5 E8(6F02)            <1>     call draw_status
   209 000000D8 833EFC0000          <1>     cmp  word [ST_MHZ], 0          ; clock not known yet: try again
   210 000000DD 7503                <1>     jne  .c
   211 000000DF E8(1B04)            <1>     call measure_clock
   212 000000E2 B91400              <1> .c: mov  cx, 20                    ; auto-detect on: give a spinning-up
   213 000000E5 E8(1307)            <1>     call auto_on                   ; drive up to 10 s, it has to be set up
   214 000000E8 7403                <1>     jz   .d                        ; before AMI's disk initialisation
   215 000000EA B99402              <1>     mov  cx, 10 * T_SECOND
   216 000000ED E8(AD02)            <1> .d: call detect_disks
   217 000000F0 E8(0000)            <1>     call fill_values
   218 000000F3 EB10                <1>     jmp  short leave_line
   219                              <1> status:
   220 000000F5 803EF000B2          <1>     cmp  byte [ST_FLAG], FLAG_UP
   221 000000FA 750F                <1>     jne  hook_ret
   222 000000FC A3FA00              <1>     mov  [ST_STAT], ax
   223 000000FF E8(CC00)            <1>     call vid_es
   224 00000102 E8(6F02)            <1>     call draw_status
   225                              <1> leave_line:
   226 00000105 BA0011              <1>     mov  dx, POS(R_LINE, 0)        ; AMI's messages start on the next row
   227                              <1> leave_cur:
   228 00000108 E8(1601)            <1>     call set_cursor
   229                              <1> hook_ret:
   230 0000010B 07                  <1>     pop  es
   231 0000010C 1F                  <1>     pop  ds
   232 0000010D 61                  <1>     popa
   233 0000010E 83C402              <1>     add  sp, 2                     ; the return address of 'enter'
   234 00000111 C3                  <1>     ret
   235                              <1> 
   236                              <1> ; enter: saves all registers and sets DS = 0040h (BX is changed).
   237                              <1> ; The hook then leaves through hook_ret.
   238                              <1> enter:
   239 00000112 60                  <1>     pusha
   240 00000113 1E                  <1>     push ds
   241 00000114 06                  <1>     push es
   242 00000115 6A40                <1>     push 0x40
   243 00000117 1F                  <1>     pop  ds
   244 00000118 89E3                <1>     mov  bx, sp
   245 0000011A 36FF6714            <1>     jmp  word [ss:bx+20]
   246                              <1> 
   247                              <1> ; ---------------------------------------------------------------------
   248                              <1> ; bu_errors -- replaces CALL 1656 (AMI's error list) at 0x120D, 0x158C
   249                              <1> ; ---------------------------------------------------------------------
   250                              <1> bu_errors:
   251 0000011E E8F1FF              <1>     call enter
   252 00000121 803EF000B2          <1>     cmp  byte [ST_FLAG], FLAG_UP
   253 00000126 751F                <1>     jne  .go
   254 00000128 E8(CC00)            <1>     call vid_es
   255 0000012B B020                <1>     mov  al, ' '
   256 0000012D B307                <1>     mov  bl, AT_ERR
   257 0000012F B9E001              <1>     mov  cx, 80*6
   258 00000132 BA0012              <1>     mov  dx, POS(R_MSG, 0)
   259 00000135 E8(2D01)            <1>     call fill_at
   260 00000138 C706FA00[CB06]      <1>     mov  word [ST_STAT], s_st_err
   261 0000013E E8(6F02)            <1>     call draw_status
   262 00000141 BA0011              <1>     mov  dx, POS(R_LINE, 0)
   263 00000144 E8(1601)            <1>     call set_cursor
   264 00000147 07                  <1> .go:pop  es
   265 00000148 1F                  <1>     pop  ds
   266 00000149 61                  <1>     popa
   267 0000014A 83C402              <1>     add  sp, 2
   268 0000014D E9(5616)            <1>     jmp  0x1656
   269                              <1> 
   270                              <1> ; ---------------------------------------------------------------------
   271                              <1> ; bu_memshow -- memory count (replaces AMI's "nnnnnn KB OK")
   272                              <1> ;   In: AX = 64 KB blocks counted, DX = blocks still to go in this
   273                              <1> ;       pass, BP = first block of the pass (1 = base memory, 0Ah = 640K-1M,
   274                              <1> ;       10h = above 1 MB)
   275                              <1> ; ---------------------------------------------------------------------
   276                              <1> bu_memshow:
   277 00000150 E8BFFF              <1>     call enter
   278 00000153 803EF000B2          <1>     cmp  byte [ST_FLAG], FLAG_UP
   279 00000158 75B1                <1>     jne  hook_ret
   280 0000015A A3F600              <1>     mov  [ST_UNITS], ax
   281 0000015D 83FD10              <1>     cmp  bp, 0x10
   282 00000160 7205                <1>     jb   .base
   283 00000162 01D0                <1>     add  ax, dx                    ; above 1 MB: AX+DX-1 = last block
   284 00000164 48                  <1>     dec  ax
   285 00000165 EB02                <1>     jmp  short .set
   286                              <1> .base:                             ; below 1 MB the total is not known yet
   287 00000167 31C0                <1>     xor  ax, ax                    ; (CMOS may still hold the last size):
   288                              <1>                                    ; count only, empty bar
   289                              <1> .set:
   290 00000169 A3F800              <1>     mov  [ST_TOTAL], ax
   291 0000016C E8(CC00)            <1>     call vid_es
   292 0000016F E8(9302)            <1>     call draw_memory
   293 00000172 EB97                <1>     jmp  short hook_ret
   294                              <1> 
   295                              <1> cmos_ext:                          ; AX = 16 + CMOS 31h:30h / 64
   296 00000174 B031                <1>     mov  al, 0x31
   297 00000176 E8(94EE)            <1>     call P_CMOSRD
   298 00000179 88C4                <1>     mov  ah, al
   299 0000017B B030                <1>     mov  al, 0x30
   300 0000017D E8(94EE)            <1>     call P_CMOSRD
   301 00000180 C1E806              <1>     shr  ax, 6
   302 00000183 83C010              <1>     add  ax, 16
   303 00000186 C3                  <1>     ret
   304                              <1> 
   305                              <1> ; ide_errcode -> AH = INT 13h status after a failed ATA command:
   306                              <1> ; 80h timeout, CCh write fault, 04h sector not found, 10h bad sector,
   307                              <1> ; BBh anything else
   308                              <1> ide_errcode:
   309 00000187 BAF701              <1>     mov  dx, 0x1F7
   310 0000018A EC                  <1>     in   al, dx
   311 0000018B B480                <1>     mov  ah, 0x80                  ; no ERR: timeout
   312 0000018D A801                <1>     test al, 0x01
   313 0000018F 7417                <1>     jz   .r
   314 00000191 B4CC                <1>     mov  ah, 0xCC                  ; write fault
   315 00000193 A820                <1>     test al, 0x20
   316 00000195 7511                <1>     jnz  .r
   317 00000197 B2F1                <1>     mov  dl, 0xF1                  ; error register
   318 00000199 EC                  <1>     in   al, dx
   319 0000019A B404                <1>     mov  ah, 0x04                  ; IDNF
   320 0000019C A810                <1>     test al, 0x10
   321 0000019E 7508                <1>     jnz  .r
   322 000001A0 B410                <1>     mov  ah, 0x10                  ; UNC
   323 000001A2 A840                <1>     test al, 0x40
   324 000001A4 7502                <1>     jnz  .r
   325 000001A6 B4BB                <1>     mov  ah, 0xBB
   326 000001A8 C3                  <1> .r: ret
   327                              <1> 
   328                              <1> post1_end:
   329                              <1> 
   330                              <1> ; timing loop parts for measure_clock
   331                              <1> tl_head:                           ; MOV CX,500 / MOV BX,1 / XOR DX,DX / MOV AX,1234h
   332 000001A9 B9F401BB010031D2B8- <1>     db 0xB9, 0xF4, 0x01, 0xBB, 0x01, 0x00, 0x31, 0xD2, 0xB8, 0x34, 0x12
   332 000001B2 3412                <1>
   333                              <1> tl_head_end:
   334                              <1> clock_k32:                         ; 500 passes x clocks per pass x 11.93182
   335 000001B4 835C4100            <1>     dd 4283523                     ; 386:  32 x DIV r16 (22) + LOOP (13) + 1
   336 000001B8 DC8C4600            <1>     dd 4623580                     ; 486:  32 x DIV r16 (24) + LOOP (7)
   337 000001BC 4B5F4900            <1>     dd 4808523                     ; 586+: 32 x DIV r16 (25) + LOOP (6)
   338                              <1> 
   339                              <1> ; =====================================================================
   340                              <1> section post2 start=0x1C00 vstart=0x3B8F
   341                              <1> ; =====================================================================
   342                              <1> 
   343                              <1> ; ---------------------------------------------------------------------
   344                              <1> ; bu_chime -- two short notes instead of the end-of-POST beep
   345                              <1> ; ---------------------------------------------------------------------
   346                              <1> bu_chime:
   347 00000000 60                  <1>     pusha
   348 00000001 BB7404              <1>     mov  bx, 1140                  ; ~1047 Hz (C6)
   349 00000004 E80800              <1>     call .note
   350 00000007 BBF902              <1>     mov  bx, 761                   ; ~1568 Hz (G6)
   351 0000000A E80200              <1>     call .note
   352 0000000D 61                  <1>     popa
   353 0000000E C3                  <1>     ret
   354                              <1> .note:
   355 0000000F B0B6                <1>     mov  al, 0xB6
   356 00000011 E643                <1>     out  0x43, al
   357 00000013 88D8                <1>     mov  al, bl
   358 00000015 E642                <1>     out  0x42, al
   359 00000017 88F8                <1>     mov  al, bh
   360 00000019 E642                <1>     out  0x42, al
   361 0000001B E461                <1>     in   al, 0x61
   362 0000001D 0C03                <1>     or   al, 3
   363 0000001F E661                <1>     out  0x61, al
   364 00000021 B90400              <1>     mov  cx, 4                     ; 4 x 15 ms = 60 ms
   365 00000024 E80700              <1>     call wait_units
   366 00000027 E461                <1>     in   al, 0x61
   367 00000029 24FC                <1>     and  al, 0xFC
   368 0000002B E661                <1>     out  0x61, al
   369 0000002D C3                  <1>     ret
   370                              <1> 
   371                              <1> ; wait_units: CX x 1000 refresh toggles (~15 ms each); CX = 0 returns
   372                              <1> wait_units:
   373 0000002E E31B                <1>     jcxz .r
   374 00000030 50                  <1>     push ax
   375 00000031 51                  <1>     push cx
   376 00000032 51                  <1> .o: push cx
   377 00000033 B9E803              <1>     mov  cx, 1000
   378 00000036 E461                <1> .t: in   al, 0x61
   379 00000038 2410                <1>     and  al, 0x10
   380 0000003A 88C4                <1>     mov  ah, al
   381 0000003C E461                <1> .t2:in   al, 0x61
   382 0000003E 2410                <1>     and  al, 0x10
   383 00000040 38E0                <1>     cmp  al, ah
   384 00000042 74F8                <1>     je   .t2
   385 00000044 E2F0                <1>     loop .t
   386 00000046 59                  <1>     pop  cx
   387 00000047 E2E9                <1>     loop .o
   388 00000049 59                  <1>     pop  cx
   389 0000004A 58                  <1>     pop  ax
   390 0000004B C3                  <1> .r: ret
   391                              <1> 
   392                              <1> ; ---------------------------------------------------------------------
   393                              <1> ; cpu_detect -> [ST_CPU] (the coprocessor is probed by fpu_probe at the
   394                              <1> ; end of POST, when interrupts and AMI's IRQ 13 handler are set up)
   395                              <1> ; ---------------------------------------------------------------------
   396                              <1> cpu_detect:
   397 0000004C 31C0                <1>     xor  ax, ax                    ; Cyrix cores leave the flags alone on DIV
   398 0000004E 9E                  <1>     sahf
   399 0000004F B80500              <1>     mov  ax, 5
   400 00000052 B302                <1>     mov  bl, 2
   401 00000054 F6F3                <1>     div  bl
   402 00000056 9F                  <1>     lahf
   403 00000057 30C9                <1>     xor  cl, cl
   404 00000059 80FC02              <1>     cmp  ah, 2
   405 0000005C 7502                <1>     jne  .ac
   406 0000005E B180                <1>     mov  cl, 0x80
   407 00000060 B503                <1> .ac:mov  ch, 3
   408 00000062 66BB00000400        <1>     mov  ebx, 0x40000              ; AC flag: 486 and later
   409 00000068 E82500              <1>     call flip
   410 0000006B 741C                <1>     jz   .fam
   411 0000006D B504                <1>     mov  ch, 4
   412 0000006F 66BB00002000        <1>     mov  ebx, 0x200000             ; ID flag: CPUID
   413 00000075 E81800              <1>     call flip
   414 00000078 740F                <1>     jz   .fam
   415 0000007A 51                  <1>     push cx
   416 0000007B 66B801000000        <1>     mov  eax, 1
   417 00000081 0FA2                <1>     db   0x0F, 0xA2                ; CPUID
   418 00000083 59                  <1>     pop  cx
   419 00000084 88E5                <1>     mov  ch, ah
   420 00000086 80E50F              <1>     and  ch, 0x0F
   421                              <1> .fam:
   422 00000089 08CD                <1>     or   ch, cl
   423 0000008B 882EF100            <1>     mov  [ST_CPU], ch
   424 0000008F C3                  <1>     ret
   425                              <1> 
   426                              <1> ; ZF=0 if EFLAGS bit EBX can be toggled
   427                              <1> flip:
   428 00000090 669C                <1>     pushfd
   429 00000092 6658                <1>     pop  eax
   430 00000094 6689C2              <1>     mov  edx, eax
   431 00000097 6631D8              <1>     xor  eax, ebx
   432 0000009A 6650                <1>     push eax
   433 0000009C 669D                <1>     popfd
   434 0000009E 669C                <1>     pushfd
   435 000000A0 6658                <1>     pop  eax
   436 000000A2 6652                <1>     push edx
   437 000000A4 669D                <1>     popfd
   438 000000A6 6631D0              <1>     xor  eax, edx
   439 000000A9 6685D8              <1>     test eax, ebx
   440 000000AC C3                  <1>     ret
   441                              <1> 
   442                              <1> ; ---------------------------------------------------------------------
   443                              <1> ; rtc_now -> AX = minutes * 60 + seconds within the hour (RTC)
   444                              <1> ; ---------------------------------------------------------------------
   445                              <1> rtc_now:
   446 000000AD B002                <1>     mov  al, 0x02
   447 000000AF E80D00              <1>     call bcd_cmos                  ; minutes
   448 000000B2 B13C                <1>     mov  cl, 60
   449 000000B4 F6E1                <1>     mul  cl
   450 000000B6 93                  <1>     xchg ax, bx
   451 000000B7 30C0                <1>     xor  al, al
   452 000000B9 E80300              <1>     call bcd_cmos                  ; seconds
   453 000000BC 01D8                <1>     add  ax, bx
   454 000000BE C3                  <1>     ret
   455                              <1> bcd_cmos:                          ; AL = CMOS register -> AX = binary
   456 000000BF E8(94EE)            <1>     call P_CMOSRD
   457 000000C2 88C4                <1>     mov  ah, al
   458 000000C4 C0EC04              <1>     shr  ah, 4
   459 000000C7 240F                <1>     and  al, 0x0F
   460 000000C9 D50A                <1>     aad
   461 000000CB C3                  <1>     ret
   462                              <1> 
   463                              <1> ; ---------------------------------------------------------------------
   464                              <1> ; video helpers
   465                              <1> ; ---------------------------------------------------------------------
   466                              <1> vid_es:                            ; ES = text buffer, [ST_SCH] = scheme
   467 000000CC B800B0              <1>     mov  ax, 0xB000
   468 000000CF B306                <1>     mov  bl, 6
   469 000000D1 803E490007          <1>     cmp  byte [0x49], 7
   470 000000D6 7411                <1>     je   .set
   471 000000D8 B037                <1>     mov  al, 0x37                  ; BUBios colour scheme (CMOS 37h)
   472 000000DA E8(94EE)            <1>     call P_CMOSRD
   473 000000DD 83E00F              <1>     and  ax, 0x0F
   474 000000E0 B306                <1>     mov  bl, 6
   475 000000E2 F6F3                <1>     div  bl
   476 000000E4 88E3                <1>     mov  bl, ah
   477 000000E6 B800B8              <1>     mov  ax, 0xB800
   478                              <1> .set:
   479 000000E9 8EC0                <1>     mov  es, ax
   480 000000EB 881EF300            <1>     mov  [ST_SCH], bl
   481 000000EF C3                  <1>     ret
   482                              <1> 
   483                              <1> attr:                              ; AL = attribute index -> AH = attribute
   484 000000F0 53                  <1>     push bx
   485 000000F1 88C3                <1>     mov  bl, al
   486 000000F3 B009                <1>     mov  al, NATTR
   487 000000F5 F626F300            <1>     mul  byte [ST_SCH]
   488 000000F9 00D8                <1>     add  al, bl
   489 000000FB 89C3                <1>     mov  bx, ax
   490 000000FD 2E8AA7[B204]        <1>     mov  ah, [cs:bx+schemes]
   491 00000102 B020                <1>     mov  al, ' '
   492 00000104 5B                  <1>     pop  bx
   493 00000105 C3                  <1>     ret
   494                              <1> 
   495                              <1> goto:                              ; DX = row:column -> DI
   496 00000106 50                  <1>     push ax
   497 00000107 B0A0                <1>     mov  al, 160
   498 00000109 F6E6                <1>     mul  dh
   499 0000010B 89C7                <1>     mov  di, ax
   500 0000010D 0FB6C2              <1>     movzx ax, dl
   501 00000110 01C7                <1>     add  di, ax
   502 00000112 01C7                <1>     add  di, ax
   503 00000114 58                  <1>     pop  ax
   504 00000115 C3                  <1>     ret
   505                              <1> 
   506                              <1> set_cursor:                        ; DX = row:column
   507 00000116 B402                <1>     mov  ah, 2
   508 00000118 30FF                <1>     xor  bh, bh
   509 0000011A CD10                <1>     int  0x10
   510 0000011C C3                  <1>     ret
   511                              <1> 
   512                              <1> text_at:                           ; CS:SI at DX, attribute index AL
   513 0000011D E8D0FF              <1>     call attr
   514 00000120 E8E3FF              <1>     call goto
   515                              <1> pstr:                              ; CS:SI -> ES:DI, attribute AH
   516 00000123 2EAC                <1>     cs lodsb
   517 00000125 08C0                <1>     or   al, al
   518 00000127 7403                <1>     jz   .r
   519 00000129 AB                  <1>     stosw
   520 0000012A EBF7                <1>     jmp  short pstr
   521 0000012C C3                  <1> .r: ret
   522                              <1> 
   523                              <1> fill_at:                           ; CX x char AL at DX, attribute index BL
   524 0000012D 50                  <1>     push ax
   525 0000012E 88D8                <1>     mov  al, bl
   526 00000130 E8BDFF              <1>     call attr
   527 00000133 5B                  <1>     pop  bx
   528 00000134 88D8                <1>     mov  al, bl
   529 00000136 E8CDFF              <1>     call goto
   530 00000139 F3AB                <1>     rep  stosw
   531 0000013B C3                  <1>     ret
   532                              <1> 
   533                              <1> clear_at:                          ; CX blanks at DX in the background colour
   534 0000013C B020                <1>     mov  al, ' '
   535 0000013E B300                <1>     mov  bl, AT_BG
   536 00000140 EBEB                <1>     jmp  fill_at
   537                              <1> 
   538                              <1> ; EAX unsigned -> ES:DI in attribute BH, right-aligned to CX columns
   539                              <1> pdec:
   540 00000142 56                  <1>     push si
   541 00000143 89E6                <1>     mov  si, sp
   542 00000145 6631D2              <1> .d: xor  edx, edx
   543 00000148 6651                <1>     push ecx
   544 0000014A 66B90A000000        <1>     mov  ecx, 10
   545 00000150 66F7F1              <1>     div  ecx
   546 00000153 6659                <1>     pop  ecx
   547 00000155 52                  <1>     push dx
   548 00000156 49                  <1>     dec  cx
   549 00000157 6609C0              <1>     or   eax, eax
   550 0000015A 75E9                <1>     jnz  .d
   551 0000015C 88FC                <1>     mov  ah, bh
   552 0000015E B020                <1>     mov  al, ' '
   553 00000160 09C9                <1>     or   cx, cx
   554 00000162 7E02                <1>     jle  .o
   555 00000164 F3AB                <1>     rep  stosw
   556 00000166 39F4                <1> .o: cmp  sp, si
   557 00000168 7408                <1>     je   .e
   558 0000016A 58                  <1>     pop  ax
   559 0000016B 0430                <1>     add  al, '0'
   560 0000016D 88FC                <1>     mov  ah, bh
   561 0000016F AB                  <1>     stosw
   562 00000170 EBF4                <1>     jmp  short .o
   563 00000172 5E                  <1> .e: pop  si
   564 00000173 C3                  <1>     ret
   565                              <1> 
   566                              <1> pnum:                              ; AX unsigned, as is
   567 00000174 660FB7C0            <1>     movzx eax, ax
   568 00000178 31C9                <1>     xor  cx, cx
   569 0000017A EBC6                <1>     jmp  pdec
   570                              <1> 
   571                              <1> ; AX -> CX hex digits (from the top) at ES:DI, attribute BH
   572                              <1> phex:
   573 0000017C C1C004              <1> .l: rol  ax, 4
   574 0000017F 50                  <1>     push ax
   575 00000180 240F                <1>     and  al, 0x0F
   576 00000182 0490                <1>     add  al, 0x90                  ; classic 0-9/A-F trick
   577 00000184 27                  <1>     daa
   578 00000185 1440                <1>     adc  al, 0x40
   579 00000187 27                  <1>     daa
   580 00000188 88FC                <1>     mov  ah, bh
   581 0000018A AB                  <1>     stosw
   582 0000018B 58                  <1>     pop  ax
   583 0000018C E2EE                <1>     loop .l
   584 0000018E C3                  <1>     ret
   585                              <1> 
   586                              <1> value_attr:                        ; BH = value attribute
   587 0000018F B003                <1>     mov  al, AT_VALUE
   588 00000191 E85CFF              <1>     call attr
   589 00000194 88E7                <1>     mov  bh, ah
   590 00000196 C3                  <1>     ret
   591                              <1> 
   592                              <1> value_at:
   593 00000197 B003                <1>     mov  al, AT_VALUE
   594 00000199 EB82                <1>     jmp  text_at
   595                              <1> 
   596                              <1> pstr_v:
   597 0000019B 88FC                <1>     mov  ah, bh
   598 0000019D EB84                <1>     jmp  pstr
   599                              <1> 
   600                              <1> 
   601                              <1> ; early_ports -- serial and parallel ports into the BDA the way AMI finds
   602                              <1> ; them at checkpoint 9Ah (after the memory test), so that they can be
   603                              <1> ; shown at once. AMI's port table at 8240h: COM 3F8/2F8/3E8/2E8, then
   604                              <1> ; LPT 3BC/378/278. AMI repeats this later and gets the same result.
   605                              <1> early_ports:
   606 0000019F BE4082              <1>     mov  si, 0x8240
   607 000001A2 31FF                <1>     xor  di, di
   608                              <1> .com:
   609 000001A4 2E8B14              <1>     mov  dx, [cs:si]
   610 000001A7 46                  <1>     inc  si
   611 000001A8 46                  <1>     inc  si
   612 000001A9 52                  <1>     push dx
   613 000001AA 42                  <1>     inc  dx                        ; IIR: bits 5-3 are 0 on a UART,
   614 000001AB 42                  <1>     inc  dx                        ; a missing port reads FFh
   615 000001AC EC                  <1>     in   al, dx
   616 000001AD 5A                  <1>     pop  dx
   617 000001AE A838                <1>     test al, 0x38
   618 000001B0 7504                <1>     jnz  .nc
   619 000001B2 8915                <1>     mov  [di], dx
   620 000001B4 47                  <1>     inc  di
   621 000001B5 47                  <1>     inc  di
   622 000001B6 81FE4882            <1> .nc:cmp  si, 0x8248
   623 000001BA 72E8                <1>     jb   .com
   624 000001BC BF0800              <1>     mov  di, 8
   625                              <1> .lpt:
   626 000001BF 2E8B14              <1>     mov  dx, [cs:si]
   627 000001C2 46                  <1>     inc  si
   628 000001C3 46                  <1>     inc  si
   629 000001C4 B0AA                <1>     mov  al, 0xAA                  ; data latch: write, read back
   630 000001C6 E81400              <1>     call .t
   631 000001C9 750B                <1>     jne  .nl
   632 000001CB B055                <1>     mov  al, 0x55
   633 000001CD E80D00              <1>     call .t
   634 000001D0 7504                <1>     jne  .nl
   635 000001D2 8915                <1>     mov  [di], dx
   636 000001D4 47                  <1>     inc  di
   637 000001D5 47                  <1>     inc  di
   638 000001D6 81FE4E82            <1> .nl:cmp  si, 0x824E
   639 000001DA 72E3                <1>     jb   .lpt
   640 000001DC C3                  <1>     ret
   641 000001DD 88C4                <1> .t: mov  ah, al
   642 000001DF EE                  <1>     out  dx, al
   643 000001E0 E461                <1>     in   al, 0x61                  ; drive the bus with something else
   644 000001E2 EC                  <1>     in   al, dx
   645 000001E3 38E0                <1>     cmp  al, ah
   646 000001E5 C3                  <1>     ret
   647                              <1> 
   648                              <1> ; ---------------------------------------------------------------------
   649                              <1> ; draw_all -- the complete screen from the current state
   650                              <1> ; ---------------------------------------------------------------------
   651                              <1> draw_all:
   652 000001E6 E8E3FE              <1>     call vid_es
   653 000001E9 B401                <1>     mov  ah, 1                     ; hide the cursor
   654 000001EB B90020              <1>     mov  cx, 0x2000
   655 000001EE CD10                <1>     int  0x10
   656 000001F0 B9D007              <1>     mov  cx, 80*25                 ; clear
   657 000001F3 31D2                <1>     xor  dx, dx
   658 000001F5 E844FF              <1>     call clear_at
   659 000001F8 B020                <1>     mov  al, ' '                   ; title bar
   660 000001FA B301                <1>     mov  bl, AT_TITLE
   661 000001FC B95000              <1>     mov  cx, 80
   662 000001FF E82BFF              <1>     call fill_at
   663 00000202 BE[F104]            <1>     mov  si, labels                ; titles and labels
   664                              <1> .lab:
   665 00000205 2EAD                <1>     cs lodsw
   666 00000207 09C0                <1>     or   ax, ax
   667 00000209 740F                <1>     jz   .labd
   668 0000020B 92                  <1>     xchg ax, dx                    ; DX = row:column
   669 0000020C 2EAC                <1>     cs lodsb                       ; AL = attribute index
   670 0000020E 56                  <1>     push si
   671 0000020F 2E8B34              <1>     mov  si, [cs:si]               ; text
   672 00000212 E808FF              <1>     call text_at
   673 00000215 5E                  <1>     pop  si
   674 00000216 46                  <1>     inc  si
   675 00000217 46                  <1>     inc  si
   676 00000218 EBEB                <1>     jmp  short .lab
   677                              <1> .labd:
   678 0000021A B0C4                <1>     mov  al, 0xC4                  ; separator above the messages
   679 0000021C B305                <1>     mov  bl, AT_EMPTY
   680 0000021E B95000              <1>     mov  cx, 80
   681 00000221 BA0011              <1>     mov  dx, POS(R_LINE, 0)
   682 00000224 E806FF              <1>     call fill_at
   683 00000227 B020                <1>     mov  al, ' '                   ; message rows: AMI's teletype keeps the
   684 00000229 B307                <1>     mov  bl, AT_ERR                ; attribute, so errors come out red
   685 0000022B B9E001              <1>     mov  cx, 80*6
   686 0000022E E8FCFE              <1>     call fill_at
   687                              <1>     ; processor, coprocessor
   688 00000231 A0F100              <1>     mov  al, [ST_CPU]
   689 00000234 BE[3306]            <1>     mov  si, s_cx486dlc
   690 00000237 A880                <1>     test al, 0x80
   691 00000239 7409                <1>     jz   .intel
   692 0000023B 3C83                <1>     cmp  al, 0x83
   693 0000023D 7417                <1>     je   .cpu
   694 0000023F BE[4006]            <1>     mov  si, s_cyrix
   695 00000242 EB12                <1>     jmp  short .cpu
   696                              <1> .intel:
   697 00000244 2C03                <1>     sub  al, 3
   698 00000246 3C03                <1>     cmp  al, 3
   699 00000248 7202                <1>     jb   .i
   700 0000024A B002                <1>     mov  al, 2
   701 0000024C 98                  <1> .i: cbw
   702 0000024D 89C3                <1>     mov  bx, ax
   703 0000024F D1E3                <1>     shl  bx, 1
   704 00000251 2E8BB7[9302]        <1>     mov  si, [cs:bx+cpu_names]
   705                              <1> .cpu:
   706 00000256 BA0F02              <1>     mov  dx, POS(R_SYS, C_VAL)
   707 00000259 E83BFF              <1>     call value_at
   708 0000025C E83400              <1>     call draw_memory
   709 0000025F E88000              <1>     call draw_floppies
   710 00000262 30DB                <1>     xor  bl, bl
   711 00000264 E82301              <1>     call draw_disk
   712 00000267 B301                <1>     mov  bl, 1
   713 00000269 E81E01              <1>     call draw_disk
   714 0000026C E8(0000)            <1>     call fill_values
   715                              <1> draw_status:
   716 0000026F B020                <1>     mov  al, ' '
   717 00000271 B308                <1>     mov  bl, AT_STAT
   718 00000273 B95000              <1>     mov  cx, 80
   719 00000276 BA0018              <1>     mov  dx, POS(R_STAT, 0)
   720 00000279 E8B1FE              <1>     call fill_at
   721 0000027C 8B36FA00            <1>     mov  si, [ST_STAT]
   722 00000280 BA0118              <1>     mov  dx, POS(R_STAT, 1)
   723 00000283 B008                <1>     mov  al, AT_STAT
   724 00000285 E895FE              <1>     call text_at
   725 00000288 BE7880              <1>     mov  si, S_BIOSID
   726 0000028B BA2818              <1>     mov  dx, POS(R_STAT, 40)
   727 0000028E B008                <1>     mov  al, AT_STAT
   728 00000290 E98AFE              <1>     jmp  text_at
   729                              <1> 
   730                              <1> ; ---------------------------------------------------------------------
   731                              <1> ; draw_memory -- bar and count from [ST_UNITS] / [ST_TOTAL]
   732                              <1> ; ---------------------------------------------------------------------
   733                              <1> draw_memory:
   734 00000293 8B0EF800            <1>     mov  cx, [ST_TOTAL]
   735 00000297 8B1EF600            <1>     mov  bx, [ST_UNITS]
   736 0000029B 31C0                <1>     xor  ax, ax                    ; filled part of the bar
   737 0000029D E30F                <1>     jcxz .bar
   738 0000029F B82800              <1>     mov  ax, BAR_W
   739 000002A2 F7E3                <1>     mul  bx
   740 000002A4 F7F1                <1>     div  cx
   741 000002A6 83F828              <1>     cmp  ax, BAR_W
   742 000002A9 7603                <1>     jbe  .bar
   743 000002AB B82800              <1>     mov  ax, BAR_W
   744                              <1> .bar:
   745 000002AE 50                  <1>     push ax
   746 000002AF 91                  <1>     xchg ax, cx
   747 000002B0 B0DB                <1>     mov  al, 0xDB
   748 000002B2 B304                <1>     mov  bl, AT_FILL
   749 000002B4 BA0F07              <1>     mov  dx, POS(R_MEM, C_VAL)
   750 000002B7 E873FE              <1>     call fill_at
   751 000002BA 58                  <1>     pop  ax
   752 000002BB B92800              <1>     mov  cx, BAR_W
   753 000002BE 29C1                <1>     sub  cx, ax
   754 000002C0 B005                <1>     mov  al, AT_EMPTY
   755 000002C2 E82BFE              <1>     call attr
   756 000002C5 B0B0                <1>     mov  al, 0xB0
   757 000002C7 F3AB                <1>     rep  stosw
   758 000002C9 E8C3FE              <1>     call value_attr                ; count
   759 000002CC 660FB706F600        <1>     movzx eax, word [ST_UNITS]
   760 000002D2 66C1E006            <1>     shl  eax, 6
   761 000002D6 B90800              <1>     mov  cx, 8
   762 000002D9 E866FE              <1>     call pdec
   763 000002DC BE[5E06]            <1>     mov  si, s_kb
   764 000002DF E9B9FE              <1>     jmp  pstr_v
   765                              <1> 
   766                              <1> ; ---------------------------------------------------------------------
   767                              <1> ; floppies from CMOS 10h (AMI's own drive names, 17-byte records)
   768                              <1> ; ---------------------------------------------------------------------
   769                              <1> draw_floppies:
   770 000002E2 B010                <1>     mov  al, 0x10
   771 000002E4 E8(94EE)            <1>     call P_CMOSRD
   772 000002E7 50                  <1>     push ax
   773 000002E8 C0E804              <1>     shr  al, 4
   774 000002EB BA0F09              <1>     mov  dx, POS(R_FDD, C_VAL)
   775 000002EE E80600              <1>     call .one
   776 000002F1 58                  <1>     pop  ax
   777 000002F2 240F                <1>     and  al, 0x0F
   778 000002F4 BA3709              <1>     mov  dx, POS(R_FDD, C_RVAL)
   779                              <1> .one:
   780 000002F7 BE[BE05]            <1>     mov  si, s_none
   781 000002FA 08C0                <1>     or   al, al
   782 000002FC 740E                <1>     jz   .p
   783 000002FE 3C05                <1>     cmp  al, 5
   784 00000300 770A                <1>     ja   .p
   785 00000302 FEC8                <1>     dec  al
   786 00000304 B411                <1>     mov  ah, 17
   787 00000306 F6E4                <1>     mul  ah
   788 00000308 05356F              <1>     add  ax, S_FLOPPY
   789 0000030B 96                  <1>     xchg ax, si
   790 0000030C E988FE              <1> .p: jmp  value_at
   791                              <1> 
   792                              <1> ; ---------------------------------------------------------------------
   793                              <1> ; disk_geo: BL = 0 (C:) / 1 (D:) -> CF=1 none, else AL = type,
   794                              <1> ;           CX = cylinders, BL = heads, BH = sectors
   795                              <1> ; ---------------------------------------------------------------------
   796                              <1> disk_geo:
   797 0000030F B012                <1>     mov  al, 0x12
   798 00000311 E8(94EE)            <1>     call P_CMOSRD
   799 00000314 08DB                <1>     or   bl, bl
   800 00000316 7503                <1>     jnz  .d
   801 00000318 C0E804              <1>     shr  al, 4
   802 0000031B 240F                <1> .d: and  al, 0x0F
   803 0000031D 3C0F                <1>     cmp  al, 0x0F
   804 0000031F 7507                <1>     jne  .h
   805 00000321 B019                <1>     mov  al, 0x19
   806 00000323 00D8                <1>     add  al, bl
   807 00000325 E8(94EE)            <1>     call P_CMOSRD
   808 00000328 08C0                <1> .h: or   al, al
   809 0000032A 745C                <1>     jz   .none
   810 0000032C 3C2F                <1>     cmp  al, 47
   811 0000032E 7533                <1>     jne  .rom
   812 00000330 B41B                <1>     mov  ah, 0x1B                  ; type 47: CMOS 1Bh (C:) / 24h (D:)
   813 00000332 08DB                <1>     or   bl, bl
   814 00000334 7402                <1>     jz   .c
   815 00000336 B424                <1>     mov  ah, 0x24
   816 00000338 50                  <1> .c: push ax
   817 00000339 88E0                <1>     mov  al, ah
   818 0000033B E8(94EE)            <1>     call P_CMOSRD                  ; cylinders low
   819 0000033E 88C1                <1>     mov  cl, al
   820 00000340 58                  <1>     pop  ax
   821 00000341 50                  <1>     push ax
   822 00000342 88E0                <1>     mov  al, ah
   823 00000344 40                  <1>     inc  ax
   824 00000345 E8(94EE)            <1>     call P_CMOSRD                  ; cylinders high
   825 00000348 88C5                <1>     mov  ch, al
   826 0000034A 58                  <1>     pop  ax
   827 0000034B 50                  <1>     push ax
   828 0000034C 88E0                <1>     mov  al, ah
   829 0000034E 0402                <1>     add  al, 2
   830 00000350 E8(94EE)            <1>     call P_CMOSRD                  ; heads
   831 00000353 88C3                <1>     mov  bl, al
   832 00000355 58                  <1>     pop  ax
   833 00000356 50                  <1>     push ax
   834 00000357 88E0                <1>     mov  al, ah
   835 00000359 0408                <1>     add  al, 8
   836 0000035B E8(94EE)            <1>     call P_CMOSRD                  ; sectors
   837 0000035E 88C7                <1>     mov  bh, al
   838 00000360 58                  <1>     pop  ax
   839 00000361 EB19                <1>     jmp  short .chk
   840                              <1> .rom:
   841 00000363 3C2E                <1>     cmp  al, 46
   842 00000365 7721                <1>     ja   .none
   843 00000367 50                  <1>     push ax
   844 00000368 B410                <1>     mov  ah, 16
   845 0000036A F6E4                <1>     mul  ah
   846 0000036C 05F1E3              <1>     add  ax, 0xE3F1                ; ROM drive table, type 1 at E401
   847 0000036F 96                  <1>     xchg ax, si
   848 00000370 58                  <1>     pop  ax
   849 00000371 2E8B0C              <1>     mov  cx, [cs:si]
   850 00000374 2E8A5C02            <1>     mov  bl, [cs:si+2]
   851 00000378 2E8A7C0E            <1>     mov  bh, [cs:si+0x0E]
   852                              <1> .chk:
   853 0000037C E30A                <1>     jcxz .none
   854 0000037E 08DB                <1>     or   bl, bl
   855 00000380 7406                <1>     jz   .none
   856 00000382 08FF                <1>     or   bh, bh
   857 00000384 7402                <1>     jz   .none
   858 00000386 F8                  <1>     clc
   859 00000387 C3                  <1>     ret
   860                              <1> .none:
   861 00000388 F9                  <1>     stc
   862 00000389 C3                  <1>     ret
   863                              <1> 
   864                              <1> ; ---------------------------------------------------------------------
   865                              <1> ; draw_disk: BL = 0 (C:) / 1 (D:), the geometry row:
   866                              <1> ;   "Type 47  16000/16/63 > DOS 1002/255/63  7875 MB"  ("Auto" when the
   867                              <1> ;   drive is set up by auto-detection)
   868                              <1> ; ---------------------------------------------------------------------
   869                              <1> draw_disk:
   870 0000038A B60A                <1>     mov  dh, R_HDC
   871 0000038C 00DE                <1>     add  dh, bl
   872 0000038E 00DE                <1>     add  dh, bl
   873 00000390 B20F                <1>     mov  dl, C_VAL
   874 00000392 53                  <1>     push bx
   875 00000393 52                  <1>     push dx
   876 00000394 FEC6                <1>     inc  dh                        ; clear the geometry row
   877 00000396 B94100              <1>     mov  cx, 80 - C_VAL
   878 00000399 E8A0FD              <1>     call clear_at
   879 0000039C 5A                  <1>     pop  dx
   880 0000039D 5B                  <1>     pop  bx
   881 0000039E 52                  <1>     push dx
   882 0000039F E86DFF              <1>     call disk_geo
   883 000003A2 5A                  <1>     pop  dx
   884 000003A3 7314                <1>     jnc  .yes
   885 000003A5 B001                <1>     mov  al, 1                     ; named by IDENTIFY: keep the name
   886 000003A7 88D9                <1>     mov  cl, bl
   887 000003A9 D2E0                <1>     shl  al, cl
   888 000003AB 8406FE00            <1>     test [ST_DISK], al
   889 000003AF 0F859500            <1>     jnz  .r
   890 000003B3 BE[BE05]            <1>     mov  si, s_none
   891 000003B6 E9DEFD              <1>     jmp  value_at
   892                              <1> .yes:
   893 000003B9 FEC6                <1>     inc  dh
   894 000003BB 53                  <1>     push bx                        ; BL = heads, BH = sectors
   895 000003BC 51                  <1>     push cx                        ; cylinders
   896 000003BD 50                  <1>     push ax                        ; AL = type
   897 000003BE BE[6606]            <1>     mov  si, s_type
   898 000003C1 E8(1307)            <1>     call auto_on
   899 000003C4 7403                <1>     jz   .t
   900 000003C6 BE[6C06]            <1>     mov  si, s_auto
   901 000003C9 B002                <1> .t: mov  al, AT_LABEL
   902 000003CB E84FFD              <1>     call text_at
   903 000003CE E8BEFD              <1>     call value_attr                ; BH = value attribute from here on
   904 000003D1 58                  <1>     pop  ax
   905 000003D2 E8(1307)            <1>     call auto_on
   906 000003D5 7506                <1>     jnz  .nt
   907 000003D7 0FB6C0              <1>     movzx ax, al
   908 000003DA E897FD              <1>     call pnum                      ; type number
   909 000003DD 83C704              <1> .nt:add  di, 4
   910 000003E0 59                  <1>     pop  cx
   911 000003E1 58                  <1>     pop  ax                        ; AL = heads, AH = sectors
   912 000003E2 50                  <1>     push ax
   913 000003E3 51                  <1>     push cx
   914 000003E4 E86200              <1>     call pchs                      ; physical geometry
   915 000003E7 59                  <1>     pop  cx
   916 000003E8 58                  <1>     pop  ax
   917 000003E9 50                  <1>     push ax
   918 000003EA 51                  <1>     push cx
   919 000003EB 81F90004            <1>     cmp  cx, 1024
   920 000003EF 762F                <1>     jbe  .size
   921 000003F1 50                  <1>     push ax                        ; DOS geometry through ECHS
   922 000003F2 BE[7606]            <1>     mov  si, s_arrow
   923 000003F5 E8A3FD              <1>     call pstr_v
   924 000003F8 58                  <1>     pop  ax
   925 000003F9 50                  <1>     push ax
   926 000003FA 0FB6E8              <1>     movzx bp, al                   ; BP = physical heads
   927 000003FD 51                  <1>     push cx
   928 000003FE 89C8                <1>     mov  ax, cx
   929 00000400 89E9                <1>     mov  cx, bp
   930 00000402 E8(F576)            <1>     call 0x76F5                    ; ECHS calc_factor: AX = heads DOS sees
   931 00000405 89C6                <1>     mov  si, ax
   932 00000407 58                  <1>     pop  ax
   933 00000408 F7E5                <1>     mul  bp                        ; cylinders * heads / DOS heads - 1,
   934 0000040A F7F6                <1>     div  si                        ; as the setup's Summary page shows it
   935 0000040C 48                  <1>     dec  ax
   936 0000040D 3D0004              <1>     cmp  ax, 1024
   937 00000410 7603                <1>     jbe  .lc
   938 00000412 B80004              <1>     mov  ax, 1024
   939 00000415 91                  <1> .lc:xchg ax, cx
   940 00000416 58                  <1>     pop  ax                        ; AH = sectors
   941 00000417 96                  <1>     xchg ax, si                    ; AL = DOS heads
   942 00000418 92                  <1>     xchg ax, dx
   943 00000419 89F0                <1>     mov  ax, si
   944 0000041B 88D0                <1>     mov  al, dl
   945 0000041D E82900              <1>     call pchs
   946                              <1> .size:
   947 00000420 83C704              <1>     add  di, 4                     ; capacity in MB = C*H*S / 2048
   948 00000423 59                  <1>     pop  cx
   949 00000424 58                  <1>     pop  ax
   950 00000425 660FB6D0            <1>     movzx edx, al                  ; heads
   951 00000429 660FB6F4            <1>     movzx esi, ah                  ; sectors
   952 0000042D 660FB7C1            <1>     movzx eax, cx
   953 00000431 660FAFC2            <1>     imul eax, edx
   954 00000435 660FAFC6            <1>     imul eax, esi
   955 00000439 66C1E80B            <1>     shr  eax, 11
   956 0000043D 31C9                <1>     xor  cx, cx
   957 0000043F E800FD              <1>     call pdec
   958 00000442 BE[6206]            <1>     mov  si, s_mb
   959 00000445 E953FD              <1>     jmp  pstr_v
   960 00000448 C3                  <1> .r: ret
   961                              <1> 
   962                              <1> ; CX = cylinders, AL = heads, AH = sectors -> "c/h/s" at ES:DI, attr BH
   963                              <1> pchs:
   964 00000449 50                  <1>     push ax
   965 0000044A 91                  <1>     xchg ax, cx
   966 0000044B E826FD              <1>     call pnum
   967 0000044E E81100              <1>     call slash
   968 00000451 58                  <1>     pop  ax
   969 00000452 50                  <1>     push ax
   970 00000453 30E4                <1>     xor  ah, ah
   971 00000455 E81CFD              <1>     call pnum
   972 00000458 E80700              <1>     call slash
   973 0000045B 58                  <1>     pop  ax
   974 0000045C C1E808              <1>     shr  ax, 8
   975 0000045F E912FD              <1>     jmp  pnum
   976                              <1> slash:
   977 00000462 B02F                <1>     mov  al, '/'
   978 00000464 88FC                <1>     mov  ah, bh
   979 00000466 AB                  <1>     stosw
   980 00000467 C3                  <1>     ret
   981                              <1> 
   982                              <1> ; ide_wait -- poll 1F7h until (status AND AH) = AL; CX = timeout (15 ms
   983                              <1> ; units).  If AH has bit 0, a set ERR bit (with BSY clear) ends the wait.
   984                              <1> ; CF=1 on timeout or error.  DX = 1F7h on return.
   985                              <1> ide_wait:
   986 00000468 53                  <1>     push bx
   987 00000469 51                  <1>     push cx
   988 0000046A 89C3                <1>     mov  bx, ax
   989 0000046C BAF701              <1>     mov  dx, 0x1F7
   990 0000046F 51                  <1> .o: push cx
   991 00000470 B9E803              <1>     mov  cx, 1000
   992 00000473 EC                  <1> .i: in   al, dx
   993 00000474 F6C701              <1>     test bh, 1
   994 00000477 740A                <1>     jz   .t
   995 00000479 88C4                <1>     mov  ah, al
   996 0000047B 80E481              <1>     and  ah, 0x81
   997 0000047E 80FC01              <1>     cmp  ah, 0x01
   998 00000481 741A                <1>     je   .err
   999 00000483 20F8                <1> .t: and  al, bh
  1000 00000485 38D8                <1>     cmp  al, bl
  1001 00000487 7419                <1>     je   .ok
  1002 00000489 E461                <1>     in   al, 0x61                  ; one refresh toggle (15 us) per try
  1003 0000048B 2410                <1>     and  al, 0x10
  1004 0000048D 88C4                <1>     mov  ah, al
  1005 0000048F E461                <1> .tg:in   al, 0x61
  1006 00000491 2410                <1>     and  al, 0x10
  1007 00000493 38E0                <1>     cmp  al, ah
  1008 00000495 74F8                <1>     je   .tg
  1009 00000497 E2DA                <1>     loop .i
  1010 00000499 59                  <1>     pop  cx
  1011 0000049A E2D3                <1>     loop .o
  1012 0000049C 51                  <1>     push cx
  1013                              <1> .err:
  1014 0000049D 59                  <1>     pop  cx
  1015 0000049E 59                  <1>     pop  cx
  1016 0000049F 5B                  <1>     pop  bx
  1017 000004A0 F9                  <1>     stc
  1018 000004A1 C3                  <1>     ret
  1019 000004A2 59                  <1> .ok:pop  cx
  1020 000004A3 59                  <1>     pop  cx
  1021 000004A4 5B                  <1>     pop  bx
  1022 000004A5 F8                  <1>     clc
  1023 000004A6 C3                  <1>     ret
  1024                              <1> 
  1025                              <1> ; auto_set -- BL = drive, SS:SI = IDENTIFY words: make the drive type 47
  1026                              <1> ; with cylinders/heads/sectors from words 1/3/6 (the same geometry AMI's
  1027                              <1> ; auto-detect uses), unless CMOS already says so
  1028                              <1> auto_set:
  1029 000004A7 53                  <1>     push bx
  1030 000004A8 E864FE              <1>     call disk_geo
  1031 000004AB 89DA                <1>     mov  dx, bx                    ; DL = heads, DH = sectors
  1032 000004AD 5B                  <1>     pop  bx
  1033 000004AE 7215                <1>     jc   .write
  1034 000004B0 3C2F                <1>     cmp  al, 47
  1035 000004B2 7511                <1>     jne  .write
  1036 000004B4 363B0C              <1>     cmp  cx, [ss:si]
  1037 000004B7 750C                <1>     jne  .write
  1038 000004B9 363A5402            <1>     cmp  dl, [ss:si+2]
  1039 000004BD 7506                <1>     jne  .write
  1040 000004BF 363A7404            <1>     cmp  dh, [ss:si+4]
  1041 000004C3 747F                <1>     je   .r
  1042                              <1> .write:
  1043 000004C5 B012                <1>     mov  al, 0x12                  ; type nibble = 0Fh: extended type byte
  1044 000004C7 E8(94EE)            <1>     call P_CMOSRD
  1045 000004CA B4F0                <1>     mov  ah, 0xF0
  1046 000004CC 08DB                <1>     or   bl, bl
  1047 000004CE 7402                <1>     jz   .c
  1048 000004D0 B40F                <1>     mov  ah, 0x0F
  1049 000004D2 08C4                <1> .c: or   ah, al
  1050 000004D4 B012                <1>     mov  al, 0x12
  1051 000004D6 E8(9DEE)            <1>     call P_CMOSWR
  1052 000004D9 B019                <1>     mov  al, 0x19
  1053 000004DB 00D8                <1>     add  al, bl
  1054 000004DD B42F                <1>     mov  ah, 47
  1055 000004DF E8(9DEE)            <1>     call P_CMOSWR
  1056 000004E2 B01B                <1>     mov  al, 0x1B                  ; parameters at 1Bh (C:) / 24h (D:)
  1057 000004E4 08DB                <1>     or   bl, bl
  1058 000004E6 7402                <1>     jz   .p
  1059 000004E8 B024                <1>     mov  al, 0x24
  1060 000004EA 368B0C              <1> .p: mov  cx, [ss:si]
  1061 000004ED 88CC                <1>     mov  ah, cl
  1062 000004EF E85300              <1>     call .wr                       ; cylinders
  1063 000004F2 88EC                <1>     mov  ah, ch
  1064 000004F4 E84E00              <1>     call .wr
  1065 000004F7 368A6402            <1>     mov  ah, [ss:si+2]
  1066 000004FB E84700              <1>     call .wr                       ; heads
  1067 000004FE B4FF                <1>     mov  ah, 0xFF
  1068 00000500 E84200              <1>     call .wr                       ; write precompensation: none
  1069 00000503 E83F00              <1>     call .wr
  1070 00000506 B400                <1>     mov  ah, 0
  1071 00000508 36807C0208          <1>     cmp  byte [ss:si+2], 8
  1072 0000050D 7602                <1>     jbe  .cb
  1073 0000050F B408                <1>     mov  ah, 8
  1074 00000511 E83100              <1> .cb:call .wr                       ; control byte
  1075 00000514 88CC                <1>     mov  ah, cl
  1076 00000516 E82C00              <1>     call .wr                       ; landing zone = cylinders
  1077 00000519 88EC                <1>     mov  ah, ch
  1078 0000051B E82700              <1>     call .wr
  1079 0000051E 368A6404            <1>     mov  ah, [ss:si+4]
  1080 00000522 E82000              <1>     call .wr                       ; sectors
  1081 00000525 31D2                <1>     xor  dx, dx                    ; checksum 10h-2Dh -> 2Eh/2Fh
  1082 00000527 B010                <1>     mov  al, 0x10
  1083 00000529 50                  <1> .s: push ax
  1084 0000052A E8(94EE)            <1>     call P_CMOSRD
  1085 0000052D 30E4                <1>     xor  ah, ah
  1086 0000052F 01C2                <1>     add  dx, ax
  1087 00000531 58                  <1>     pop  ax
  1088 00000532 FEC0                <1>     inc  al
  1089 00000534 3C2E                <1>     cmp  al, 0x2E
  1090 00000536 72F1                <1>     jb   .s
  1091 00000538 88F4                <1>     mov  ah, dh
  1092 0000053A E8(9DEE)            <1>     call P_CMOSWR
  1093 0000053D B02F                <1>     mov  al, 0x2F
  1094 0000053F 88D4                <1>     mov  ah, dl
  1095 00000541 E8(9DEE)            <1>     call P_CMOSWR
  1096 00000544 C3                  <1> .r: ret
  1097 00000545 E8(9DEE)            <1> .wr:call P_CMOSWR
  1098 00000548 FEC0                <1>     inc  al
  1099 0000054A C3                  <1>     ret
  1100                              <1> 
  1101 0000054B 50726573732044454C- <1> s_countdown:db "Press DEL to run Setup, any other key to boot now ... ", 0
  1101 00000554 20746F2072756E2053- <1>
  1101 0000055D 657475702C20616E79- <1>
  1101 00000566 206F74686572206B65- <1>
  1101 0000056F 7920746F20626F6F74- <1>
  1101 00000578 206E6F77202E2E2E20- <1>
  1101 00000581 00                  <1>
  1102                              <1> ; fpu_probe -> [ST_FPU] = 1 if a coprocessor answers FNINIT/FNSTSW/
  1103                              <1> ; FNSTCW. Run at the end of POST only: early in POST (interrupts off, the
  1104                              <1> ; PICs possibly not set up after power-on) a 387 left busy could stall it.
  1105                              <1> fpu_probe:
  1106 00000582 C606F20000          <1>     mov  byte [ST_FPU], 0
  1107 00000587 30C0                <1>     xor  al, al                    ; clear the busy latch
  1108 00000589 E6F0                <1>     out  0xF0, al
  1109 0000058B 0F20C0              <1>     mov  eax, cr0
  1110 0000058E 6650                <1>     push eax
  1111 00000590 24F3                <1>     and  al, 0xF3                  ; EM and TS clear
  1112 00000592 0F22C0              <1>     mov  cr0, eax
  1113 00000595 DBE3                <1>     fninit
  1114 00000597 C706F6005A5A        <1>     mov  word [ST_UNITS], 0x5A5A   ; (scratch: bu_final sets ST_UNITS
  1115 0000059D DD3EF600            <1>     fnstsw [ST_UNITS]              ;  right after this)
  1116 000005A1 803EF60000          <1>     cmp  byte [ST_UNITS], 0
  1117 000005A6 7513                <1>     jne  .no
  1118 000005A8 D93EF600            <1>     fnstcw [ST_UNITS]
  1119 000005AC A1F600              <1>     mov  ax, [ST_UNITS]
  1120 000005AF 253F10              <1>     and  ax, 0x103F
  1121 000005B2 83F83F              <1>     cmp  ax, 0x003F
  1122 000005B5 7504                <1>     jne  .no
  1123 000005B7 FE06F200            <1>     inc  byte [ST_FPU]
  1124 000005BB 6658                <1> .no:pop  eax
  1125 000005BD 0F22C0              <1>     mov  cr0, eax
  1126 000005C0 C3                  <1>     ret
  1127                              <1> 
  1128                              <1> post2_end:
  1129                              <1> 
  1130                              <1> ; =====================================================================
  1131                              <1> section post3 start=0x2400 vstart=0x429D
  1132                              <1> ; =====================================================================
  1133                              <1> 
  1134                              <1> ; ---------------------------------------------------------------------
  1135                              <1> ; fill_values -- everything that can be shown at this point of POST:
  1136                              <1> ;   clock (once measured), cache, shadow RAM, RTC battery, ports, ROMs
  1137                              <1> ; ---------------------------------------------------------------------
  1138                              <1> fill_values:
  1139 00000000 BA3702              <1>     mov  dx, POS(R_SYS, C_RVAL)    ; coprocessor: probed at the end of
  1140 00000003 B90C00              <1>     mov  cx, 12                    ; POST (fpu_probe), "..." until then
  1141 00000006 E8(3C01)            <1>     call clear_at
  1142 00000009 83EF18              <1>     sub  di, 24
  1143 0000000C E8(8F01)            <1>     call value_attr
  1144 0000000F BE[BE05]            <1>     mov  si, s_none
  1145 00000012 803EF20000          <1>     cmp  byte [ST_FPU], 0
  1146 00000017 740D                <1>     je   .fp
  1147 00000019 BE[4A06]            <1>     mov  si, s_fpu387
  1148 0000001C F606F1007C          <1>     test byte [ST_CPU], 0x7C       ; family 4 and up: on-chip
  1149 00000021 7403                <1>     jz   .fp
  1150 00000023 BE[5606]            <1>     mov  si, s_fpuint
  1151 00000026 E8(D900)            <1> .fp:call dots_or
  1152 00000029 BA0F03              <1>     mov  dx, POS(R_SYS+1, C_VAL)   ; clock
  1153 0000002C B90C00              <1>     mov  cx, 12
  1154 0000002F E8(3C01)            <1>     call clear_at
  1155 00000032 83EF18              <1>     sub  di, 24
  1156 00000035 E8(8F01)            <1>     call value_attr                ; (BH = attribute; AX is clobbered)
  1157 00000038 A1FC00              <1>     mov  ax, [ST_MHZ]
  1158 0000003B 09C0                <1>     or   ax, ax
  1159 0000003D 7508                <1>     jnz  .clk
  1160 0000003F BE[E900]            <1>     mov  si, s_dots + 3            ; not measured (yet): "...", at the
  1161 00000042 E8(D900)            <1>     call dots_or                   ; end of POST: nothing
  1162 00000045 EB1A                <1>     jmp  short .cache
  1163                              <1> .clk:
  1164 00000047 31D2                <1>     xor  dx, dx
  1165 00000049 B90A00              <1>     mov  cx, 10
  1166 0000004C F7F1                <1>     div  cx
  1167 0000004E 52                  <1>     push dx
  1168 0000004F E8(7401)            <1>     call pnum
  1169 00000052 B02E                <1>     mov  al, '.'
  1170 00000054 AB                  <1>     stosw
  1171 00000055 58                  <1>     pop  ax
  1172 00000056 0430                <1>     add  al, '0'
  1173 00000058 88FC                <1>     mov  ah, bh
  1174 0000005A AB                  <1>     stosw
  1175 0000005B BE[B105]            <1>     mov  si, s_mhz
  1176 0000005E E8(2301)            <1>     call pstr
  1177                              <1> .cache:                            ; external cache (OPTi register 21h)
  1178 00000061 BA3703              <1>     mov  dx, POS(R_SYS+1, C_RVAL)
  1179 00000064 B90C00              <1>     mov  cx, 12
  1180 00000067 E8(3C01)            <1>     call clear_at
  1181 0000006A 83EF18              <1>     sub  di, 24
  1182 0000006D E8(8F01)            <1>     call value_attr
  1183 00000070 B021                <1>     mov  al, 0x21
  1184 00000072 E8(E38E)            <1>     call P_CHIPRD
  1185 00000075 A810                <1>     test al, 0x10
  1186 00000077 7417                <1>     jz   .nocache
  1187 00000079 240C                <1>     and  al, 0x0C
  1188 0000007B C0E802              <1>     shr  al, 2
  1189 0000007E 88C1                <1>     mov  cl, al
  1190 00000080 B84000              <1>     mov  ax, 64
  1191 00000083 D3E0                <1>     shl  ax, cl
  1192 00000085 E8(7401)            <1>     call pnum
  1193 00000088 BE[5E06]            <1>     mov  si, s_kb
  1194 0000008B E8(9B01)            <1>     call pstr_v
  1195 0000008E EB06                <1>     jmp  short .shadow
  1196                              <1> .nocache:                          ; not (yet) enabled: say so at the
  1197 00000090 BE[7E06]            <1>     mov  si, s_disabled            ; end of POST
  1198 00000093 E8(D900)            <1>     call dots_or
  1199                              <1> .shadow:                           ; CMOS 35h: 04h video C000, 08h system F000
  1200 00000096 BA3704              <1>     mov  dx, POS(R_SYS+2, C_RVAL)
  1201 00000099 B91400              <1>     mov  cx, 20
  1202 0000009C E8(3C01)            <1>     call clear_at
  1203 0000009F 83EF28              <1>     sub  di, 40
  1204 000000A2 E8(8F01)            <1>     call value_attr
  1205 000000A5 B035                <1>     mov  al, 0x35
  1206 000000A7 E8(94EE)            <1>     call P_CMOSRD
  1207 000000AA 240C                <1>     and  al, 0x0C
  1208 000000AC BE[7E06]            <1>     mov  si, s_disabled
  1209 000000AF 741B                <1>     jz   .shp
  1210 000000B1 88C1                <1>     mov  cl, al
  1211 000000B3 BE[8706]            <1>     mov  si, s_video
  1212 000000B6 F6C104              <1>     test cl, 0x04
  1213 000000B9 740E                <1>     jz   .sys
  1214 000000BB E8(9B01)            <1>     call pstr_v
  1215 000000BE BE[9406]            <1>     mov  si, s_plus
  1216 000000C1 F6C108              <1>     test cl, 0x08
  1217 000000C4 7409                <1>     jz   .shd
  1218 000000C6 E8(9B01)            <1>     call pstr_v
  1219                              <1> .sys:
  1220 000000C9 BE[8D06]            <1>     mov  si, s_system
  1221                              <1> .shp:
  1222 000000CC E8(9B01)            <1>     call pstr_v
  1223                              <1> .shd:
  1224 000000CF B00D                <1>     mov  al, 0x0D                  ; RTC battery (CMOS 0Dh bit 7 = valid)
  1225 000000D1 E8(94EE)            <1>     call P_CMOSRD
  1226 000000D4 BE[9806]            <1>     mov  si, s_ok
  1227 000000D7 A880                <1>     test al, 0x80
  1228 000000D9 7503                <1>     jnz  .bat
  1229 000000DB BE[9B06]            <1>     mov  si, s_low
  1230                              <1> .bat:
  1231 000000DE BA3705              <1>     mov  dx, POS(R_SYS+3, C_RVAL)
  1232 000000E1 E8(9701)            <1>     call value_at
  1233                              <1>     ; serial and parallel ports from the BDA (filled in by POST after the
  1234                              <1>     ; memory test)
  1235 000000E4 BA0F0F              <1>     mov  dx, POS(R_PORTS, C_VAL)
  1236 000000E7 B94100              <1>     mov  cx, 80 - C_VAL
  1237 000000EA E8(3C01)            <1>     call clear_at
  1238 000000ED E8(0601)            <1>     call goto
  1239 000000F0 E8(8F01)            <1>     call value_attr
  1240 000000F3 57                  <1>     push di
  1241 000000F4 31F6                <1>     xor  si, si
  1242                              <1> .port:
  1243 000000F6 8B04                <1>     mov  ax, [si]
  1244 000000F8 09C0                <1>     or   ax, ax
  1245 000000FA 7423                <1>     jz   .pn
  1246 000000FC 56                  <1>     push si
  1247 000000FD D1E6                <1>     shl  si, 1
  1248 000000FF 81C6[5205]          <1>     add  si, port_names
  1249 00000103 B90400              <1>     mov  cx, 4
  1250 00000106 2EAC                <1> .pc:cs lodsb
  1251 00000108 88FC                <1>     mov  ah, bh
  1252 0000010A AB                  <1>     stosw
  1253 0000010B E2F9                <1>     loop .pc
  1254 0000010D 5E                  <1>     pop  si
  1255 0000010E B020                <1>     mov  al, ' '
  1256 00000110 AB                  <1>     stosw
  1257 00000111 8B04                <1>     mov  ax, [si]
  1258 00000113 C1E004              <1>     shl  ax, 4
  1259 00000116 B90300              <1>     mov  cx, 3
  1260 00000119 E8(7C01)            <1>     call phex
  1261 0000011C 83C704              <1>     add  di, 4
  1262 0000011F 46                  <1> .pn:inc  si
  1263 00000120 46                  <1>     inc  si
  1264 00000121 83FE0E              <1>     cmp  si, 14
  1265 00000124 72D0                <1>     jb   .port
  1266 00000126 58                  <1>     pop  ax
  1267 00000127 39F8                <1>     cmp  ax, di                    ; none found: "..." until AMI has
  1268 00000129 7506                <1>     jne  .roms0                    ; looked, then "None"
  1269 0000012B BE[BE05]            <1>     mov  si, s_none
  1270 0000012E E8(D900)            <1>     call dots_or
  1271                              <1> .roms0:
  1272                              <1>     ; option ROMs: C000-EFFF in 2 KB steps
  1273 00000131 BA0F10              <1>     mov  dx, POS(R_ROMS, C_VAL)
  1274 00000134 E8(0601)            <1>     call goto
  1275 00000137 31ED                <1>     xor  bp, bp
  1276 00000139 B800C0              <1>     mov  ax, 0xC000
  1277                              <1> .rom:
  1278 0000013C 8EE8                <1>     mov  gs, ax
  1279 0000013E B98000              <1>     mov  cx, 0x80
  1280 00000141 65813E000055AA      <1>     cmp  word [gs:0], 0xAA55
  1281 00000148 7533                <1>     jne  .rn
  1282 0000014A 45                  <1>     inc  bp
  1283 0000014B 50                  <1>     push ax
  1284 0000014C B90400              <1>     mov  cx, 4
  1285 0000014F E8(7C01)            <1>     call phex
  1286 00000152 B020                <1>     mov  al, ' '
  1287 00000154 88FC                <1>     mov  ah, bh
  1288 00000156 AB                  <1>     stosw
  1289 00000157 650FB6060200        <1>     movzx ax, byte [gs:2]
  1290 0000015D D1E8                <1>     shr  ax, 1
  1291 0000015F E8(7401)            <1>     call pnum
  1292 00000162 B04B                <1>     mov  al, 'K'
  1293 00000164 88FC                <1>     mov  ah, bh
  1294 00000166 AB                  <1>     stosw
  1295 00000167 83C704              <1>     add  di, 4
  1296 0000016A 58                  <1>     pop  ax
  1297 0000016B 650FB60E0200        <1>     movzx cx, byte [gs:2]
  1298 00000171 83C103              <1>     add  cx, 3
  1299 00000174 C1E902              <1>     shr  cx, 2
  1300 00000177 7501                <1>     jnz  .r2
  1301 00000179 41                  <1>     inc  cx
  1302 0000017A C1E107              <1> .r2:shl  cx, 7
  1303 0000017D 01C8                <1> .rn:add  ax, cx
  1304 0000017F 3D00F0              <1>     cmp  ax, 0xF000
  1305 00000182 72B8                <1>     jb   .rom
  1306 00000184 09ED                <1>     or   bp, bp
  1307 00000186 7506                <1>     jnz  .done
  1308 00000188 BE[BE05]            <1>     mov  si, s_none
  1309 0000018B E9(9B01)            <1>     jmp  pstr_v
  1310                              <1> .done:
  1311 0000018E C3                  <1>     ret
  1312                              <1> 
  1313                              <1> ; ---------------------------------------------------------------------
  1314                              <1> ; bu_final -- replaces AMI's configuration box, last thing before INT 19h
  1315                              <1> ; ---------------------------------------------------------------------
  1316                              <1> bu_final:
  1317 0000018F E8(1201)            <1>     call enter
  1318 00000192 803EF000B2          <1>     cmp  byte [ST_FLAG], FLAG_UP
  1319 00000197 0F85CD00            <1>     jne  .out
  1320 0000019B 800EFF0002          <1>     or   byte [ST_MISC], 2
  1321 000001A0 E8(8205)            <1>     call fpu_probe
  1322 000001A3 E8(CC00)            <1>     call vid_es
  1323 000001A6 E8(7401)            <1>     call cmos_ext                  ; memory: as found by POST (CMOS 31h:30h)
  1324 000001A9 A3F600              <1>     mov  [ST_UNITS], ax
  1325 000001AC A3F800              <1>     mov  [ST_TOTAL], ax
  1326 000001AF E8(9302)            <1>     call draw_memory
  1327 000001B2 E86602              <1>     call measure_clock             ; with cache and shadow now as set up
  1328 000001B5 B93C00              <1>     mov  cx, 60                    ; disks not identified yet: last try
  1329 000001B8 E8F200              <1>     call detect_disks
  1330                              <1>     ; status: boot order and the time POST took
  1331 000001BB C706FA00[E006]      <1>     mov  word [ST_STAT], s_st_bootc
  1332 000001C1 2EA070B8            <1>     mov  al, [cs:O_BOOTSEQ]
  1333 000001C5 E8(0083)            <1>     call P_OPTION
  1334 000001C8 7406                <1>     jz   .bc
  1335 000001CA C706FA00[F406]      <1>     mov  word [ST_STAT], s_st_boota
  1336 000001D0 E8(6F02)            <1> .bc:call draw_status
  1337 000001D3 E82AFE              <1>     call fill_values
  1338 000001D6 BA1718              <1>     mov  dx, POS(R_STAT, 23)
  1339 000001D9 E8(0601)            <1>     call goto
  1340 000001DC B008                <1>     mov  al, AT_STAT
  1341 000001DE E8(F000)            <1>     call attr
  1342 000001E1 88E7                <1>     mov  bh, ah
  1343 000001E3 F606FF0001          <1>     test byte [ST_MISC], 1
  1344 000001E8 7524                <1>     jnz  .notime
  1345 000001EA 53                  <1>     push bx
  1346 000001EB E8(AD00)            <1>     call rtc_now
  1347 000001EE 5B                  <1>     pop  bx
  1348 000001EF 2B06F400            <1>     sub  ax, [ST_T0]
  1349 000001F3 7903                <1>     jns  .t
  1350 000001F5 05100E              <1>     add  ax, 3600
  1351 000001F8 3D5802              <1> .t: cmp  ax, 600                   ; an implausible time (RTC not set) is
  1352 000001FB 7311                <1>     jae  .notime                   ; not shown
  1353 000001FD 50                  <1>     push ax
  1354 000001FE BE[0807]            <1>     mov  si, s_post
  1355 00000201 E8(9B01)            <1>     call pstr_v
  1356 00000204 58                  <1>     pop  ax
  1357 00000205 E8(7401)            <1>     call pnum
  1358 00000208 BE[1007]            <1>     mov  si, s_sec
  1359 0000020B E8(9B01)            <1>     call pstr_v
  1360                              <1> .notime:
  1361                              <1>     ; countdown: DEL runs SETUP, any other key boots at once
  1362 0000020E BA0213              <1>     mov  dx, POS(R_MSG+1, 2)
  1363 00000211 BE[4B05]            <1>     mov  si, s_countdown
  1364 00000214 B002                <1>     mov  al, AT_LABEL
  1365 00000216 E8(1D01)            <1>     call text_at                   ; AH = label attribute, DI = digit cell
  1366 00000219 88E7                <1>     mov  bh, ah
  1367 0000021B B90300              <1>     mov  cx, BOOT_T
  1368                              <1> .sec:
  1369 0000021E 88C8                <1>     mov  al, cl
  1370 00000220 0430                <1>     add  al, '0'
  1371 00000222 88FC                <1>     mov  ah, bh
  1372 00000224 268905              <1>     mov  [es:di], ax
  1373 00000227 51                  <1>     push cx
  1374 00000228 B94200              <1>     mov  cx, T_SECOND
  1375                              <1> .tick:
  1376 0000022B 51                  <1>     push cx
  1377 0000022C B90100              <1>     mov  cx, 1
  1378 0000022F E8(2E00)            <1>     call wait_units
  1379 00000232 B00E                <1>     mov  al, 0x0E                  ; DEL caught by AMI's POST keyboard
  1380 00000234 E8(94EE)            <1>     call P_CMOSRD                  ; poll (CMOS 0Eh bit 0), pressed after
  1381 00000237 A801                <1>     test al, 1                     ; AMI's own check
  1382 00000239 750E                <1>     jnz  .del
  1383 0000023B B401                <1>     mov  ah, 1
  1384 0000023D CD16                <1>     int  0x16
  1385 0000023F 59                  <1>     pop  cx
  1386 00000240 7514                <1>     jnz  .key
  1387 00000242 E2E7                <1>     loop .tick
  1388 00000244 59                  <1>     pop  cx
  1389 00000245 E2D7                <1>     loop .sec
  1390 00000247 EB17                <1>     jmp  short .boot
  1391                              <1> .del:
  1392 00000249 59                  <1>     pop  cx
  1393 0000024A 59                  <1>     pop  cx
  1394 0000024B 24FE                <1>     and  al, 0xFE                  ; clear AMI's DEL flag
  1395 0000024D 88C4                <1>     mov  ah, al
  1396 0000024F B00E                <1>     mov  al, 0x0E
  1397 00000251 E8(9DEE)            <1>     call P_CMOSWR
  1398 00000254 EB21                <1>     jmp  short .setup
  1399                              <1> .key:
  1400 00000256 59                  <1>     pop  cx
  1401 00000257 B400                <1>     mov  ah, 0
  1402 00000259 CD16                <1>     int  0x16
  1403 0000025B 80FC53              <1>     cmp  ah, 0x53                  ; DEL (either key)
  1404 0000025E 7417                <1>     je   .setup
  1405                              <1> .boot:
  1406 00000260 B40F                <1>     mov  ah, 0x0F                  ; clean screen, normal colours for DOS
  1407 00000262 CD10                <1>     int  0x10
  1408 00000264 B400                <1>     mov  ah, 0
  1409 00000266 CD10                <1>     int  0x10
  1410                              <1> .out:
  1411 00000268 1E                  <1>     push ds                        ; clear the BDA inter-application area
  1412 00000269 07                  <1>     pop  es
  1413 0000026A BFF000              <1>     mov  di, ST_FLAG
  1414 0000026D B90800              <1>     mov  cx, 8
  1415 00000270 31C0                <1>     xor  ax, ax
  1416 00000272 F3AB                <1>     rep  stosw
  1417 00000274 E9(0B01)            <1>     jmp  hook_ret
  1418                              <1> .setup:
  1419 00000277 E8(D505)            <1>     call cmos_sum                  ; SETUP (after the password, if one is
  1420 0000027A 50                  <1>     push ax                        ; set), as POST runs it on DEL
  1421 0000027B E8(04F1)            <1>     call P_SETUP
  1422 0000027E E8(D505)            <1>     call cmos_sum
  1423 00000281 5B                  <1>     pop  bx
  1424 00000282 39D8                <1>     cmp  ax, bx
  1425 00000284 74DA                <1>     je   .boot                     ; nothing saved: go on booting
  1426 00000286 C70672000000        <1>     mov  word [0x72], 0            ; settings changed: restart, so that
  1427 0000028C C606F00000          <1>     mov  byte [ST_FLAG], 0         ; POST applies them (as a first start)
  1428 00000291 B0FE                <1>     mov  al, 0xFE
  1429 00000293 E664                <1>     out  0x64, al
  1430                              <1> .halt:
  1431 00000295 F4                  <1>     hlt
  1432 00000296 EBFD                <1>     jmp  short .halt
  1433                              <1> 
  1434                              <1> bcd_raw:                           ; AX = CMOS AL (AH=0) + CMOS AL-1 * 256
  1435 00000298 50                  <1>     push ax
  1436 00000299 E8(94EE)            <1>     call P_CMOSRD
  1437 0000029C 88C4                <1>     mov  ah, al
  1438 0000029E 5B                  <1>     pop  bx
  1439 0000029F 50                  <1>     push ax
  1440 000002A0 88D8                <1>     mov  al, bl
  1441 000002A2 FEC8                <1>     dec  al
  1442 000002A4 E8(94EE)            <1>     call P_CMOSRD
  1443 000002A7 5B                  <1>     pop  bx
  1444 000002A8 88C4                <1>     mov  ah, al
  1445 000002AA 88F8                <1>     mov  al, bh
  1446 000002AC C3                  <1>     ret
  1447                              <1> 
  1448                              <1> ; ---------------------------------------------------------------------
  1449                              <1> ; detect_disks -- IDENTIFY C: and D: (unless done, or found absent) with
  1450                              <1> ; a timeout of CX units (15 ms): show the model name (and the LBA size if
  1451                              <1> ; it is larger than what CHS reaches) and, if "Auto-Detect Disks at Boot"
  1452                              <1> ; is on, set the drive up as type 47 with the geometry the drive reports.
  1453                              <1> ; A drive is only asked if CMOS has it or auto-detection is on.
  1454                              <1> ; ---------------------------------------------------------------------
  1455                              <1> detect_disks:
  1456 000002AD 30DB                <1>     xor  bl, bl
  1457 000002AF E80200              <1>     call .one
  1458 000002B2 B301                <1>     mov  bl, 1
  1459                              <1> .one:
  1460 000002B4 B011                <1>     mov  al, 0x11                  ; identified or absent already?
  1461 000002B6 51                  <1>     push cx
  1462 000002B7 88D9                <1>     mov  cl, bl
  1463 000002B9 D2E0                <1>     shl  al, cl
  1464 000002BB 59                  <1>     pop  cx
  1465 000002BC 8406FE00            <1>     test [ST_DISK], al
  1466 000002C0 0F85BB00            <1>     jnz  .r
  1467 000002C4 51                  <1>     push cx
  1468 000002C5 53                  <1>     push bx
  1469 000002C6 E8(0F03)            <1>     call disk_geo
  1470 000002C9 5B                  <1>     pop  bx
  1471 000002CA 59                  <1>     pop  cx
  1472 000002CB 7307                <1>     jnc  .ask
  1473 000002CD E84304              <1>     call auto_on
  1474 000002D0 0F84AB00            <1>     jz   .r
  1475                              <1> .ask:
  1476 000002D4 51                  <1>     push cx
  1477 000002D5 53                  <1>     push bx
  1478 000002D6 B60A                <1>     mov  dh, R_HDC                 ; model row: clear it, text goes to ES:DI
  1479 000002D8 00DE                <1>     add  dh, bl
  1480 000002DA 00DE                <1>     add  dh, bl
  1481 000002DC B20F                <1>     mov  dl, C_VAL
  1482 000002DE 52                  <1>     push dx
  1483 000002DF B94100              <1>     mov  cx, 80 - C_VAL
  1484 000002E2 E8(3C01)            <1>     call clear_at
  1485 000002E5 5A                  <1>     pop  dx
  1486 000002E6 5B                  <1>     pop  bx
  1487 000002E7 E8(0601)            <1>     call goto
  1488 000002EA E8(8F01)            <1>     call value_attr
  1489 000002ED 59                  <1>     pop  cx
  1490 000002EE 83EC0C              <1>     sub  sp, 12
  1491 000002F1 89E6                <1>     mov  si, sp
  1492 000002F3 E88A00              <1>     call ide_id
  1493 000002F6 731B                <1>     jnc  .ok
  1494 000002F8 08C0                <1>     or   al, al                    ; AL=1: no drive there, don't ask again
  1495 000002FA 740F                <1>     jz   .later
  1496 000002FC B010                <1>     mov  al, 0x10
  1497 000002FE 88D9                <1>     mov  cl, bl
  1498 00000300 D2E0                <1>     shl  al, cl
  1499 00000302 0806FE00            <1>     or   [ST_DISK], al
  1500 00000306 E8(8A03)            <1>     call draw_disk                 ; "None" if CMOS has no drive either
  1501 00000309 EB71                <1>     jmp  short .x
  1502                              <1> .later:                            ; no answer yet: "..." (asked again
  1503 0000030B BE[E900]            <1>     mov  si, s_dots + 3            ; after the memory test)
  1504 0000030E E8(D900)            <1>     call dots_or
  1505 00000311 EB69                <1>     jmp  short .x
  1506                              <1> .ok:
  1507 00000313 B001                <1>     mov  al, 1
  1508 00000315 88D9                <1>     mov  cl, bl
  1509 00000317 D2E0                <1>     shl  al, cl
  1510 00000319 0806FE00            <1>     or   [ST_DISK], al
  1511                              <1>     ; LBA size, if the drive has LBA and it is more than CHS reaches
  1512 0000031D 36F6440702          <1>     test byte [ss:si+7], 2         ; word 49 bit 9
  1513 00000322 744D                <1>     jz   .auto
  1514 00000324 36668B4408          <1>     mov  eax, [ss:si+8]            ; words 60-61
  1515 00000329 36660FB70C          <1>     movzx ecx, word [ss:si]
  1516 0000032E 36660FB75402        <1>     movzx edx, word [ss:si+2]
  1517 00000334 660FAFCA            <1>     imul ecx, edx
  1518 00000338 36660FB75404        <1>     movzx edx, word [ss:si+4]
  1519 0000033E 660FAFCA            <1>     imul ecx, edx
  1520 00000342 6639C8              <1>     cmp  eax, ecx
  1521 00000345 762A                <1>     jbe  .auto
  1522 00000347 6650                <1>     push eax
  1523 00000349 B60A                <1>     mov  dh, R_HDC
  1524 0000034B 00DE                <1>     add  dh, bl
  1525 0000034D 00DE                <1>     add  dh, bl
  1526 0000034F B23A                <1>     mov  dl, C_LBA
  1527 00000351 56                  <1>     push si
  1528 00000352 BE[7106]            <1>     mov  si, s_lba
  1529 00000355 B002                <1>     mov  al, AT_LABEL
  1530 00000357 E8(1D01)            <1>     call text_at
  1531 0000035A 5E                  <1>     pop  si
  1532 0000035B E8(8F01)            <1>     call value_attr
  1533 0000035E 6658                <1>     pop  eax
  1534 00000360 66C1E80B            <1>     shr  eax, 11
  1535 00000364 31C9                <1>     xor  cx, cx
  1536 00000366 56                  <1>     push si
  1537 00000367 E8(4201)            <1>     call pdec
  1538 0000036A BE[6206]            <1>     mov  si, s_mb
  1539 0000036D E8(9B01)            <1>     call pstr_v
  1540 00000370 5E                  <1>     pop  si
  1541                              <1> .auto:
  1542 00000371 E89F03              <1>     call auto_on
  1543 00000374 7406                <1>     jz   .x
  1544 00000376 E8(A704)            <1>     call auto_set
  1545 00000379 E8(8A03)            <1>     call draw_disk                 ; redraw the geometry row
  1546 0000037C 83C40C              <1> .x: add  sp, 12
  1547 0000037F C3                  <1> .r: ret
  1548                              <1> 
  1549                              <1> ; ide_id -- IDENTIFY DEVICE by polling (no IRQ, no buffer)
  1550                              <1> ;   In : BL = drive (0/1), CX = timeout (15 ms units), SS:SI = 12 bytes
  1551                              <1> ;        ES:DI = where the model name goes (DI = 0: nowhere), BH = attribute
  1552                              <1> ;   Out: CF=0: [SI] = cylinders, heads, sectors (words 1, 3, 6), word 49,
  1553                              <1> ;        words 60-61 (LBA sectors); CF=1: AL=1 no drive, AL=0 no answer
  1554                              <1> ide_id:
  1555 00000380 52                  <1>     push dx
  1556 00000381 BAF601              <1>     mov  dx, 0x1F6
  1557 00000384 88D8                <1>     mov  al, bl
  1558 00000386 C0E004              <1>     shl  al, 4
  1559 00000389 0CA0                <1>     or   al, 0xA0
  1560 0000038B EE                  <1>     out  dx, al
  1561 0000038C B2F7                <1>     mov  dl, 0xF7
  1562 0000038E EC                  <1>     in   al, dx                    ; (400 ns settle)
  1563 0000038F EC                  <1>     in   al, dx
  1564 00000390 EC                  <1>     in   al, dx
  1565 00000391 EC                  <1>     in   al, dx
  1566 00000392 3CFF                <1>     cmp  al, 0xFF                  ; floating bus or no device answering
  1567 00000394 7465                <1>     je   .none
  1568 00000396 08C0                <1>     or   al, al
  1569 00000398 7461                <1>     jz   .none
  1570 0000039A 3C7F                <1>     cmp  al, 0x7F
  1571 0000039C 745D                <1>     je   .none
  1572 0000039E B840C0              <1>     mov  ax, 0xC040                ; BSY=0, DRDY=1
  1573 000003A1 E8(6804)            <1>     call ide_wait
  1574 000003A4 7259                <1>     jc   .fail
  1575 000003A6 B0EC                <1>     mov  al, 0xEC
  1576 000003A8 EE                  <1>     out  dx, al
  1577 000003A9 B80889              <1>     mov  ax, 0x8908                ; BSY=0, DRQ=1 (ERR ends the wait)
  1578 000003AC E8(6804)            <1>     call ide_wait
  1579 000003AF 724E                <1>     jc   .fail
  1580 000003B1 B2F0                <1>     mov  dl, 0xF0
  1581 000003B3 51                  <1>     push cx
  1582 000003B4 31C9                <1>     xor  cx, cx
  1583 000003B6 ED                  <1> .w: in   ax, dx
  1584 000003B7 56                  <1>     push si
  1585 000003B8 53                  <1>     push bx
  1586 000003B9 BB[0E04]            <1>     mov  bx, id_words
  1587 000003BC 2E3A0F              <1> .f: cmp  cl, [cs:bx]
  1588 000003BF 740A                <1>     je   .keep
  1589 000003C1 43                  <1>     inc  bx
  1590 000003C2 43                  <1>     inc  bx
  1591 000003C3 2E803FFF            <1>     cmp  byte [cs:bx], 0xFF
  1592 000003C7 75F3                <1>     jne  .f
  1593 000003C9 EB0B                <1>     jmp  short .m
  1594                              <1> .keep:
  1595 000003CB 53                  <1>     push bx
  1596 000003CC 2E8A5F01            <1>     mov  bl, [cs:bx+1]
  1597 000003D0 30FF                <1>     xor  bh, bh
  1598 000003D2 368900              <1>     mov  [ss:si+bx], ax
  1599 000003D5 5B                  <1>     pop  bx
  1600 000003D6 5B                  <1> .m: pop  bx
  1601 000003D7 5E                  <1>     pop  si
  1602 000003D8 80F91B              <1>     cmp  cl, 27                    ; model name, words 27-46
  1603 000003DB 7213                <1>     jb   .n
  1604 000003DD 80F92E              <1>     cmp  cl, 46
  1605 000003E0 770E                <1>     ja   .n
  1606 000003E2 09FF                <1>     or   di, di
  1607 000003E4 740A                <1>     jz   .n
  1608 000003E6 50                  <1>     push ax
  1609 000003E7 88E0                <1>     mov  al, ah
  1610 000003E9 88FC                <1>     mov  ah, bh
  1611 000003EB AB                  <1>     stosw
  1612 000003EC 58                  <1>     pop  ax
  1613 000003ED 88FC                <1>     mov  ah, bh
  1614 000003EF AB                  <1>     stosw
  1615 000003F0 41                  <1> .n: inc  cx
  1616 000003F1 81F90001            <1>     cmp  cx, 256
  1617 000003F5 72BF                <1>     jb   .w
  1618 000003F7 59                  <1>     pop  cx
  1619 000003F8 F8                  <1>     clc
  1620 000003F9 EB07                <1>     jmp  short .end
  1621                              <1> .none:
  1622 000003FB B001                <1>     mov  al, 1
  1623 000003FD EB02                <1>     jmp  short .f2
  1624                              <1> .fail:
  1625 000003FF 30C0                <1>     xor  al, al
  1626 00000401 F9                  <1> .f2:stc
  1627                              <1> .end:
  1628 00000402 9C                  <1>     pushf                          ; select the master again: a missing
  1629 00000403 50                  <1>     push ax                        ; slave must not stay selected
  1630 00000404 BAF601              <1>     mov  dx, 0x1F6
  1631 00000407 B0A0                <1>     mov  al, 0xA0
  1632 00000409 EE                  <1>     out  dx, al
  1633 0000040A 58                  <1>     pop  ax
  1634 0000040B 9D                  <1>     popf
  1635 0000040C 5A                  <1>     pop  dx
  1636 0000040D C3                  <1>     ret
  1637 0000040E 01000302060431063C- <1> id_words: db 1, 0,  3, 2,  6, 4,  49, 6,  60, 8,  61, 10,  0xFF
  1637 00000417 083D0AFF            <1>
  1638                              <1> 
  1639                              <1> ; ---------------------------------------------------------------------
  1640                              <1> ; measure_clock -> [ST_MHZ] (MHz x 10): a timing loop of 32 DIVs per
  1641                              <1> ; pass is built in RAM (0:7C00) and timed by PIT channel 2. The setup
  1642                              <1> ; uses 8 DIVs per pass; the longer pass makes the reading much less
  1643                              <1> ; sensitive to slow code fetches while the cache is still off (early in
  1644                              <1> ; POST). A reading not within 1/16 of a standard clock is not shown.
  1645                              <1> ; ---------------------------------------------------------------------
  1646                              <1> measure_clock:
  1647 0000041B 06                  <1>     push es
  1648 0000041C 68C007              <1>     push TLOOP_SEG
  1649 0000041F 07                  <1>     pop  es
  1650 00000420 31FF                <1>     xor  di, di
  1651 00000422 BE[A901]            <1>     mov  si, tl_head
  1652 00000425 B90B00              <1>     mov  cx, tl_head_end - tl_head
  1653 00000428 F32EA4              <1>     rep  cs movsb
  1654 0000042B B8F7F3              <1>     mov  ax, 0xF3F7                ; 32 x DIV BX
  1655 0000042E B120                <1>     mov  cl, 32
  1656 00000430 F3AB                <1>     rep  stosw
  1657 00000432 B8E2BE              <1>     mov  ax, 0xBEE2                ; LOOP back to the first DIV
  1658 00000435 AB                  <1>     stosw
  1659 00000436 B0CB                <1>     mov  al, 0xCB                  ; RETF
  1660 00000438 AA                  <1>     stosb
  1661 00000439 07                  <1>     pop  es
  1662 0000043A 9C                  <1>     pushf                          ; keep the caller's interrupt flag:
  1663 0000043B FA                  <1>     cli                            ; early in POST interrupts are off
  1664 0000043C E461                <1>     in   al, 0x61
  1665 0000043E 50                  <1>     push ax
  1666 0000043F 24FC                <1>     and  al, 0xFC
  1667 00000441 E661                <1>     out  0x61, al
  1668 00000443 B0B0                <1>     mov  al, 0xB0
  1669 00000445 E643                <1>     out  0x43, al
  1670 00000447 B0FF                <1>     mov  al, 0xFF
  1671 00000449 E642                <1>     out  0x42, al
  1672 0000044B E642                <1>     out  0x42, al
  1673 0000044D E461                <1>     in   al, 0x61
  1674 0000044F 0C01                <1>     or   al, 1
  1675 00000451 E661                <1>     out  0x61, al
  1676 00000453 9A0000C007          <1>     call TLOOP_SEG:0
  1677 00000458 B080                <1>     mov  al, 0x80
  1678 0000045A E643                <1>     out  0x43, al
  1679 0000045C E442                <1>     in   al, 0x42
  1680 0000045E 88C4                <1>     mov  ah, al
  1681 00000460 E442                <1>     in   al, 0x42
  1682 00000462 86C4                <1>     xchg al, ah
  1683 00000464 F7D0                <1>     not  ax
  1684 00000466 93                  <1>     xchg ax, bx                    ; BX = elapsed PIT ticks
  1685 00000467 58                  <1>     pop  ax
  1686 00000468 E661                <1>     out  0x61, al
  1687 0000046A 9D                  <1>     popf
  1688 0000046B 31F6                <1>     xor  si, si                    ; K for 386 / 486 / 586+
  1689 0000046D A0F100              <1>     mov  al, [ST_CPU]
  1690 00000470 247F                <1>     and  al, 0x7F
  1691 00000472 3C04                <1>     cmp  al, 4
  1692 00000474 7208                <1>     jb   .k
  1693 00000476 BE0400              <1>     mov  si, 4
  1694 00000479 7403                <1>     je   .k
  1695 0000047B BE0800              <1>     mov  si, 8
  1696 0000047E 2E668B84[B401]      <1> .k: mov  eax, [cs:si+clock_k32]
  1697 00000484 6631D2              <1>     xor  edx, edx
  1698 00000487 660FB7DB            <1>     movzx ebx, bx
  1699 0000048B 09DB                <1>     or   bx, bx
  1700 0000048D 7422                <1>     jz   .no
  1701 0000048F 66F7F3              <1>     div  ebx
  1702 00000492 BE[9701]            <1>     mov  si, clock_std             ; snap to a standard clock within 1/16
  1703 00000495 2E8B0C              <1> .sn:mov  cx, [cs:si]
  1704 00000498 E317                <1>     jcxz .no
  1705 0000049A 46                  <1>     inc  si
  1706 0000049B 46                  <1>     inc  si
  1707 0000049C 89C2                <1>     mov  dx, ax
  1708 0000049E 29CA                <1>     sub  dx, cx
  1709 000004A0 7902                <1>     jns  .abs
  1710 000004A2 F7DA                <1>     neg  dx
  1711                              <1> .abs:
  1712 000004A4 89CB                <1>     mov  bx, cx
  1713 000004A6 C1EB04              <1>     shr  bx, 4
  1714 000004A9 39DA                <1>     cmp  dx, bx
  1715 000004AB 77E8                <1>     ja   .sn
  1716 000004AD 890EFC00            <1>     mov  [ST_MHZ], cx
  1717 000004B1 C3                  <1> .no:ret
  1718                              <1> 
  1719                              <1> ; ---------------------------------------------------------------------
  1720                              <1> ; tables and texts
  1721                              <1> ; ---------------------------------------------------------------------
  1722                              <1> ; attributes per scheme: BG TITLE LABEL VALUE FILL EMPTY ACCENT ERR STAT
  1723                              <1> schemes:
  1724 000004B2 0730030B0B080A0C30  <1>     db 0x07, 0x30, 0x03, 0x0B, 0x0B, 0x08, 0x0A, 0x0C, 0x30   ; teal
  1725 000004BB 0760060E0E080F0C60  <1>     db 0x07, 0x60, 0x06, 0x0E, 0x0E, 0x08, 0x0F, 0x0C, 0x60   ; amber
  1726 000004C4 0720020A0A080F0C20  <1>     db 0x07, 0x20, 0x02, 0x0A, 0x0A, 0x08, 0x0F, 0x0C, 0x20   ; green
  1727 000004CD 1770171F1E191A1C70  <1>     db 0x17, 0x70, 0x17, 0x1F, 0x1E, 0x19, 0x1A, 0x1C, 0x70   ; classic blue
  1728 000004D6 0770070F0F080A0C70  <1>     db 0x07, 0x70, 0x07, 0x0F, 0x0F, 0x08, 0x0A, 0x0C, 0x70   ; grey
  1729 000004DF 1770171F1E191A1C70  <1>     db 0x17, 0x70, 0x17, 0x1F, 0x1E, 0x19, 0x1A, 0x1C, 0x70   ; AMI
  1730 000004E8 0770070F0F070F0F70  <1>     db 0x07, 0x70, 0x07, 0x0F, 0x0F, 0x07, 0x0F, 0x0F, 0x70   ; monochrome
  1731                              <1> 
  1732                              <1> ; row:column, attribute index, text
  1733                              <1> %macro LBL 4
  1734                              <1>     dw POS(%1, %2)
  1735                              <1>     db %3
  1736                              <1>     dw %4
  1737                              <1> %endmacro
  1738                              <1> labels:
  1739                              <1>     LBL 0, 1, AT_TITLE, ps_title
  1734 000004F1 0100                <2>  dw POS(%1, %2)
  1735 000004F3 01                  <2>  db %3
  1736 000004F4 [6E05]              <2>  dw %4
  1740                              <1>     LBL 0, 46, AT_TITLE, ps_title_r
  1734 000004F6 2E00                <2>  dw POS(%1, %2)
  1735 000004F8 01                  <2>  db %3
  1736 000004F9 [9005]              <2>  dw %4
  1741                              <1>     LBL R_SYS, C_LBL, AT_LABEL, pl_cpu
  1734 000004FB 0202                <2>  dw POS(%1, %2)
  1735 000004FD 02                  <2>  db %3
  1736 000004FE [B205]              <2>  dw %4
  1742                              <1>     LBL R_SYS, C_RLBL, AT_LABEL, pl_fpu
  1734 00000500 2A02                <2>  dw POS(%1, %2)
  1735 00000502 02                  <2>  db %3
  1736 00000503 [BC05]              <2>  dw %4
  1743                              <1>     LBL R_SYS+1, C_LBL, AT_LABEL, pl_clock
  1734 00000505 0203                <2>  dw POS(%1, %2)
  1735 00000507 02                  <2>  db %3
  1736 00000508 [C805]              <2>  dw %4
  1744                              <1>     LBL R_SYS+1, C_RLBL, AT_LABEL, pl_cache
  1734 0000050A 2A03                <2>  dw POS(%1, %2)
  1735 0000050C 02                  <2>  db %3
  1736 0000050D [CE05]              <2>  dw %4
  1745                              <1>     LBL R_SYS+2, C_LBL, AT_LABEL, l_chip
  1734 0000050F 0204                <2>  dw POS(%1, %2)
  1735 00000511 02                  <2>  db %3
  1736 00000512 [8104]              <2>  dw %4
  1746                              <1>     LBL R_SYS+2, C_VAL, AT_VALUE, s_chipset
  1734 00000514 0F04                <2>  dw POS(%1, %2)
  1735 00000516 03                  <2>  db %3
  1736 00000517 [6F05]              <2>  dw %4
  1747                              <1>     LBL R_SYS+2, C_RLBL, AT_LABEL, pl_shadow
  1734 00000519 2A04                <2>  dw POS(%1, %2)
  1735 0000051B 02                  <2>  db %3
  1736 0000051C [D405]              <2>  dw %4
  1748                              <1>     LBL R_SYS+3, C_LBL, AT_LABEL, pl_bios
  1734 0000051E 0205                <2>  dw POS(%1, %2)
  1735 00000520 02                  <2>  db %3
  1736 00000521 [DF05]              <2>  dw %4
  1749                              <1>     LBL R_SYS+3, C_VAL, AT_VALUE, s_bioscore
  1734 00000523 0F05                <2>  dw POS(%1, %2)
  1735 00000525 03                  <2>  db %3
  1736 00000526 [1906]              <2>  dw %4
  1750                              <1>     LBL R_SYS+3, C_RLBL, AT_LABEL, pl_rtc
  1734 00000528 2A05                <2>  dw POS(%1, %2)
  1735 0000052A 02                  <2>  db %3
  1736 0000052B [E405]              <2>  dw %4
  1751                              <1>     LBL R_MEM, C_LBL, AT_LABEL, pl_mem
  1734 0000052D 0207                <2>  dw POS(%1, %2)
  1735 0000052F 02                  <2>  db %3
  1736 00000530 [F005]              <2>  dw %4
  1752                              <1>     LBL R_FDD, C_LBL, AT_LABEL, l_fda
  1734 00000532 0209                <2>  dw POS(%1, %2)
  1735 00000534 02                  <2>  db %3
  1736 00000535 [ED04]              <2>  dw %4
  1753                              <1>     LBL R_FDD, C_RLBL, AT_LABEL, l_fdb
  1734 00000537 2A09                <2>  dw POS(%1, %2)
  1735 00000539 02                  <2>  db %3
  1736 0000053A [F704]              <2>  dw %4
  1754                              <1>     LBL R_HDC, C_LBL, AT_LABEL, pl_diskc
  1734 0000053C 020A                <2>  dw POS(%1, %2)
  1735 0000053E 02                  <2>  db %3
  1736 0000053F [F705]              <2>  dw %4
  1755                              <1>     LBL R_HDC+2, C_LBL, AT_LABEL, pl_diskd
  1734 00000541 020C                <2>  dw POS(%1, %2)
  1735 00000543 02                  <2>  db %3
  1736 00000544 [FF05]              <2>  dw %4
  1756                              <1>     LBL R_PORTS, C_LBL, AT_LABEL, pl_ports
  1734 00000546 020F                <2>  dw POS(%1, %2)
  1735 00000548 02                  <2>  db %3
  1736 00000549 [0706]              <2>  dw %4
  1757                              <1>     LBL R_ROMS, C_LBL, AT_LABEL, pl_roms
  1734 0000054B 0210                <2>  dw POS(%1, %2)
  1735 0000054D 02                  <2>  db %3
  1736 0000054E [0D06]              <2>  dw %4
  1758 00000550 0000                <1>     dw 0
  1759                              <1> 
  1760 00000552 434F4D31434F4D3243- <1> port_names: db "COM1COM2COM3COM4LPT1LPT2LPT3"
  1760 0000055B 4F4D33434F4D344C50- <1>
  1760 00000564 54314C5054324C5054- <1>
  1760 0000056D 33                  <1>
  1761                              <1> 
  1762 0000056E 425542696F7320322E- <1> ps_title:   db "BUBios 2.1  ", 0xFE, "  Power-On Self Test", 0
  1762 00000577 312020FE2020506F77- <1>
  1762 00000580 65722D4F6E2053656C- <1>
  1762 00000589 66205465737400      <1>
  1763 00000590 4269747320756E6420- <1> ps_title_r: db "Bits und Bolts  ", 0xFE, "  OPTi 82C495SLC", 0
  1763 00000599 426F6C74732020FE20- <1>
  1763 000005A2 204F50546920383243- <1>
  1763 000005AB 343935534C4300      <1>
  1764 000005B2 50726F636573736F72- <1> pl_cpu:     db "Processor", 0
  1764 000005BB 00                  <1>
  1765 000005BC 436F70726F63657373- <1> pl_fpu:     db "Coprocessor", 0
  1765 000005C5 6F7200              <1>
  1766 000005C8 436C6F636B00        <1> pl_clock:   db "Clock", 0
  1767 000005CE 436163686500        <1> pl_cache:   db "Cache", 0
  1768 000005D4 536861646F77205241- <1> pl_shadow:  db "Shadow RAM", 0
  1768 000005DD 4D00                <1>
  1769 000005DF 42494F5300          <1> pl_bios:    db "BIOS", 0
  1770 000005E4 525443206261747465- <1> pl_rtc:     db "RTC battery", 0
  1770 000005ED 727900              <1>
  1771 000005F0 4D656D6F727900      <1> pl_mem:     db "Memory", 0
  1772 000005F7 4469736B20433A00    <1> pl_diskc:   db "Disk C:", 0
  1773 000005FF 4469736B20443A00    <1> pl_diskd:   db "Disk D:", 0
  1774 00000607 506F72747300        <1> pl_ports:   db "Ports", 0
  1775 0000060D 4F7074696F6E20524F- <1> pl_roms:    db "Option ROMs", 0
  1775 00000616 4D7300              <1>
  1776 00000619 414D492031312F3131- <1> s_bioscore: db "AMI 11/11/92 ", 0xFE, " BUBios 2.1", 0
  1776 00000622 2F393220FE20425542- <1>
  1776 0000062B 696F7320322E3100    <1>
  1777 00000633 437972697820343836- <1> s_cx486dlc: db "Cyrix 486DLC", 0
  1777 0000063C 444C4300            <1>
  1778 00000640 437972697820343836- <1> s_cyrix:    db "Cyrix 486", 0
  1778 00000649 00                  <1>
  1779 0000064A 333837207072657365- <1> s_fpu387:   db "387 present", 0
  1779 00000653 6E7400              <1>
  1780 00000656 4F6E2D6368697000    <1> s_fpuint:   db "On-chip", 0
  1781 0000065E 204B4200            <1> s_kb:       db " KB", 0
  1782 00000662 204D4200            <1> s_mb:       db " MB", 0
  1783 00000666 547970652000        <1> s_type:     db "Type ", 0
  1784 0000066C 4175746F00          <1> s_auto:     db "Auto", 0
  1785 00000671 4C42412000          <1> s_lba:      db "LBA ", 0
  1786 00000676 201A20444F532000    <1> s_arrow:    db " ", 0x1A, " DOS ", 0
  1787 0000067E 44697361626C656400  <1> s_disabled: db "Disabled", 0
  1788 00000687 566964656F00        <1> s_video:    db "Video", 0
  1789 0000068D 53797374656D00      <1> s_system:   db "System", 0
  1790 00000694 202B2000            <1> s_plus:     db " + ", 0
  1791 00000698 4F4B00              <1> s_ok:       db "OK", 0
  1792 0000069B 4C6F7700            <1> s_low:      db "Low", 0
  1793 0000069F 50726573732044454C- <1> s_st_del:   db "Press DEL to run Setup", 0
  1793 000006A8 20746F2072756E2053- <1>
  1793 000006B1 6574757000          <1>
  1794 000006B6 436865636B696E6720- <1> s_st_dev:   db "Checking devices ...", 0
  1794 000006BF 64657669636573202E- <1>
  1794 000006C8 2E2E00              <1>
  1795 000006CB 504F535420666F756E- <1> s_st_err:   db "POST found a problem", 0
  1795 000006D4 6420612070726F626C- <1>
  1795 000006DD 656D00              <1>
  1796 000006E0 426F6F74696E673A20- <1> s_st_bootc: db "Booting: C: then A:", 0
  1796 000006E9 433A207468656E2041- <1>
  1796 000006F2 3A00                <1>
  1797 000006F4 426F6F74696E673A20- <1> s_st_boota: db "Booting: A: then C:", 0
  1797 000006FD 413A207468656E2043- <1>
  1797 00000706 3A00                <1>
  1798 00000708 B320504F53542000    <1> s_post:     db 0xB3, " POST ", 0
  1799 00000710 207300              <1> s_sec:      db " s", 0
  1800                              <1> 
  1801                              <1> ; ZF=0 if "Auto-Detect Disks at Boot" is on (CMOS 7Fh bit 0, checked)
  1802                              <1> auto_on:
  1803 00000713 50                  <1>     push ax
  1804 00000714 B07E                <1>     mov  al, CM_CHECK
  1805 00000716 E8(94EE)            <1>     call P_CMOSRD
  1806 00000719 88C4                <1>     mov  ah, al
  1807 0000071B B07F                <1>     mov  al, CM_FLAGS
  1808 0000071D E8(94EE)            <1>     call P_CMOSRD
  1809 00000720 30C4                <1>     xor  ah, al
  1810 00000722 80FCA5              <1>     cmp  ah, 0xA5
  1811 00000725 7504                <1>     jne  .off
  1812 00000727 A801                <1>     test al, 1
  1813 00000729 58                  <1>     pop  ax
  1814 0000072A C3                  <1>     ret
  1815                              <1> .off:
  1816 0000072B 38C0                <1>     cmp  al, al                    ; ZF=1
  1817 0000072D 58                  <1>     pop  ax
  1818 0000072E C3                  <1>     ret
  1819                              <1> 
  1820                              <1> post3_end:
  1821                              <1> 
  1822                              <1> ; =====================================================================
  1823                              <1> section lba start=0x2C00 vstart=0x3292
  1824                              <1> ; =====================================================================
  1825                              <1> ; INT 13h extensions (EDD 1.1 subset) for the hard disks 80h/81h:
  1826                              <1> ;   41h installation check, 42h extended read, 43h extended write,
  1827                              <1> ;   44h verify, 47h seek (no-op), 48h drive parameters.
  1828                              <1> ; Sectors are addressed as CHS through the drive's physical geometry (the
  1829                              <1> ; FDPT at INT 41h/46h, as AMI's own code does) as long as the request
  1830                              <1> ; stays inside it, and as 28-bit LBA beyond it.  The transfer is polled
  1831                              <1> ; PIO, one command per request (up to 127 sectors).  Entered from AMI's
  1832                              <1> ; INT 13h handler at A3E7 (patched to JMP bu_int13).
  1833                              <1> ; Frame: BP -> ES DS DI SI BP SP BX DX CX AX (PUSHA order) ; locals below.
  1834                              <1> ; ---------------------------------------------------------------------
  1835                              <1> bu_int13:
  1836 00000000 FB                  <1>     sti
  1837 00000001 FC                  <1>     cld
  1838 00000002 80FA80              <1>     cmp  dl, 0x80
  1839 00000005 720A                <1>     jb   .orig
  1840 00000007 80FC41              <1>     cmp  ah, 0x41
  1841 0000000A 7205                <1>     jb   .orig
  1842 0000000C 80FC48              <1>     cmp  ah, 0x48
  1843 0000000F 7606                <1>     jbe  ext13
  1844                              <1> .orig:
  1845 00000011 80FA80              <1>     cmp  dl, 0x80
  1846 00000014 E9(ECA3)            <1>     jmp  INT13_CONT
  1847                              <1> 
  1848                              <1> ext13:
  1849 00000017 60                  <1>     pusha
  1850 00000018 1E                  <1>     push ds
  1851 00000019 06                  <1>     push es
  1852 0000001A 89E5                <1>     mov  bp, sp
  1853 0000001C 83EC14              <1>     sub  sp, 20                    ; [bp-2] select byte, [bp-4] done,
  1854 0000001F 88D0                <1>     mov  al, dl                    ; [bp-6] command, [bp-8] LBA mode,
  1855                              <1>                                    ; [bp-20..bp-9] IDENTIFY words
  1856 00000021 247F                <1>     and  al, 0x7F
  1857 00000023 6A40                <1>     push 0x40
  1858 00000025 0FA1                <1>     pop  fs
  1859 00000027 643A067500          <1>     cmp  al, [fs:0x75]             ; that many hard disks?
  1860 0000002C 0F839201            <1>     jae  ext_bad
  1861 00000030 3C01                <1>     cmp  al, 1
  1862 00000032 0F878C01            <1>     ja   ext_bad
  1863 00000036 88C3                <1>     mov  bl, al                    ; BL = drive 0/1
  1864 00000038 C0E004              <1>     shl  al, 4
  1865 0000003B 0CA0                <1>     or   al, 0xA0
  1866 0000003D 8846FE              <1>     mov  [bp-2], al
  1867 00000040 8E5E02              <1>     mov  ds, [bp+2]                ; caller's DS:SI
  1868 00000043 8B7606              <1>     mov  si, [bp+6]
  1869 00000046 80FC41              <1>     cmp  ah, 0x41
  1870 00000049 0F84(4400)          <1>     je   ext41
  1871 0000004D 80FC48              <1>     cmp  ah, 0x48
  1872 00000050 0F84(0D05)          <1>     je   ext48
  1873 00000054 80FC47              <1>     cmp  ah, 0x47
  1874 00000057 0F846B01            <1>     je   ext_ok
  1875 0000005B 80FC45              <1>     cmp  ah, 0x45
  1876 0000005E 0F836001            <1>     jae  ext_bad
  1877                              <1>     ; ---- 42h / 43h / 44h
  1878 00000062 B120                <1>     mov  cl, 0x20                  ; READ SECTORS
  1879 00000064 80FC43              <1>     cmp  ah, 0x43
  1880 00000067 7206                <1>     jb   .cmd
  1881 00000069 B130                <1>     mov  cl, 0x30                  ; WRITE SECTORS
  1882 0000006B 7402                <1>     je   .cmd
  1883 0000006D B140                <1>     mov  cl, 0x40                  ; READ VERIFY SECTORS
  1884                              <1> .cmd:
  1885 0000006F 884EFA              <1>     mov  [bp-6], cl
  1886 00000072 C746FC0000          <1>     mov  word [bp-4], 0
  1887 00000077 66837C0C00          <1>     cmp  dword [si+12], 0          ; 28-bit LBA only
  1888 0000007C 0F854201            <1>     jne  ext_bad
  1889 00000080 668B4408            <1>     mov  eax, [si+8]
  1890 00000084 663DFFFFFF0F        <1>     cmp  eax, 0x0FFFFFFF
  1891 0000008A 0F873401            <1>     ja   ext_bad
  1892 0000008E 660FB74C02          <1>     movzx ecx, word [si+2]
  1893 00000093 09C9                <1>     or   cx, cx
  1894 00000095 0F842D01            <1>     jz   ext_ok
  1895 00000099 83F97F              <1>     cmp  cx, 127
  1896 0000009C 0F872201            <1>     ja   ext_bad
  1897 000000A0 51                  <1>     push cx
  1898                              <1>     ; physical geometry from the FDPT
  1899 000000A1 31D2                <1>     xor  dx, dx
  1900 000000A3 8EEA                <1>     mov  gs, dx
  1901 000000A5 BF0401              <1>     mov  di, 0x104                 ; INT 41h vector (C:)
  1902 000000A8 08DB                <1>     or   bl, bl
  1903 000000AA 7403                <1>     jz   .v
  1904 000000AC BF1801              <1>     mov  di, 0x118                 ; INT 46h vector (D:)
  1905 000000AF 650FB53D            <1> .v: lgs  di, [gs:di]
  1906 000000B3 65660FB65D0E        <1>     movzx ebx, byte [gs:di+0x0E]   ; sectors
  1907 000000B9 65660FB715          <1>     movzx edx, word [gs:di]
  1908 000000BE 65660FB64D02        <1>     movzx ecx, byte [gs:di+2]
  1909 000000C4 660FAFD1            <1>     imul edx, ecx
  1910 000000C8 660FAFD3            <1>     imul edx, ebx                  ; C*H*S
  1911 000000CC 6650                <1>     push eax
  1912 000000CE 660FB74C02          <1>     movzx ecx, word [si+2]
  1913 000000D3 6601C8              <1>     add  eax, ecx                  ; end of the request
  1914 000000D6 6639D0              <1>     cmp  eax, edx
  1915 000000D9 0F9746F8            <1>     seta byte [bp-8]               ; beyond CHS: LBA addressing
  1916 000000DD BAF601              <1>     mov  dx, 0x1F6                 ; select the drive, wait until ready
  1917 000000E0 8A46FE              <1>     mov  al, [bp-2]
  1918 000000E3 EE                  <1>     out  dx, al
  1919 000000E4 B840C0              <1>     mov  ax, 0xC040
  1920 000000E7 B94A01              <1>     mov  cx, 5 * 66                ; 5 s
  1921 000000EA E8(6804)            <1>     call ide_wait
  1922 000000ED 6658                <1>     pop  eax
  1923 000000EF 0F82C400            <1>     jc   .err
  1924 000000F3 807EF800            <1>     cmp  byte [bp-8], 0
  1925 000000F7 752A                <1>     jne  .lbamode
  1926                              <1>     ; CHS: sector = LBA mod S + 1, head = (LBA / S) mod H, cyl = / H
  1927 000000F9 6631D2              <1>     xor  edx, edx
  1928 000000FC 66F7F3              <1>     div  ebx
  1929 000000FF 42                  <1>     inc  dx
  1930 00000100 50                  <1>     push ax
  1931 00000101 88D0                <1>     mov  al, dl
  1932 00000103 BAF301              <1>     mov  dx, 0x1F3
  1933 00000106 EE                  <1>     out  dx, al
  1934 00000107 58                  <1>     pop  ax
  1935 00000108 6631D2              <1>     xor  edx, edx
  1936 0000010B 65660FB65D02        <1>     movzx ebx, byte [gs:di+2]
  1937 00000111 66F7F3              <1>     div  ebx
  1938 00000114 52                  <1>     push dx
  1939 00000115 BAF401              <1>     mov  dx, 0x1F4
  1940 00000118 EE                  <1>     out  dx, al
  1941 00000119 42                  <1>     inc  dx
  1942 0000011A 88E0                <1>     mov  al, ah
  1943 0000011C EE                  <1>     out  dx, al
  1944 0000011D 58                  <1>     pop  ax
  1945 0000011E 0A46FE              <1>     or   al, [bp-2]
  1946 00000121 EB1B                <1>     jmp  short .dh
  1947                              <1> .lbamode:
  1948 00000123 BAF301              <1>     mov  dx, 0x1F3
  1949 00000126 EE                  <1>     out  dx, al
  1950 00000127 42                  <1>     inc  dx
  1951 00000128 66C1E808            <1>     shr  eax, 8
  1952 0000012C EE                  <1>     out  dx, al
  1953 0000012D 42                  <1>     inc  dx
  1954 0000012E 66C1E808            <1>     shr  eax, 8
  1955 00000132 EE                  <1>     out  dx, al
  1956 00000133 66C1E808            <1>     shr  eax, 8
  1957 00000137 240F                <1>     and  al, 0x0F
  1958 00000139 0A46FE              <1>     or   al, [bp-2]
  1959 0000013C 0C40                <1>     or   al, 0x40                  ; LBA
  1960 0000013E BAF601              <1> .dh:mov  dx, 0x1F6
  1961 00000141 EE                  <1>     out  dx, al
  1962 00000142 59                  <1>     pop  cx                        ; count
  1963 00000143 B2F2                <1>     mov  dl, 0xF2
  1964 00000145 88C8                <1>     mov  al, cl
  1965 00000147 EE                  <1>     out  dx, al
  1966 00000148 B2F7                <1>     mov  dl, 0xF7
  1967 0000014A 8A46FA              <1>     mov  al, [bp-6]
  1968 0000014D EE                  <1>     out  dx, al
  1969 0000014E 3C40                <1>     cmp  al, 0x40
  1970 00000150 7447                <1>     je   .last
  1971                              <1>     ; data: ES:DI = buffer, normalised; one sector per DRQ
  1972 00000152 C47C04              <1>     les  di, [si+4]
  1973 00000155 89F8                <1>     mov  ax, di
  1974 00000157 C1E804              <1>     shr  ax, 4
  1975 0000015A 8CC2                <1>     mov  dx, es
  1976 0000015C 01C2                <1>     add  dx, ax
  1977 0000015E 8EC2                <1>     mov  es, dx
  1978 00000160 83E70F              <1>     and  di, 0x0F
  1979                              <1> .sect:
  1980 00000163 51                  <1>     push cx
  1981 00000164 B80889              <1>     mov  ax, 0x8908
  1982 00000167 B94A01              <1>     mov  cx, 5 * 66
  1983 0000016A E8(6804)            <1>     call ide_wait
  1984 0000016D 59                  <1>     pop  cx
  1985 0000016E 7247                <1>     jc   .err
  1986 00000170 51                  <1>     push cx
  1987 00000171 57                  <1>     push di                        ; the segment moves on, not the offset
  1988 00000172 B90001              <1>     mov  cx, 256
  1989 00000175 B2F0                <1>     mov  dl, 0xF0
  1990 00000177 807EFA30            <1>     cmp  byte [bp-6], 0x30
  1991 0000017B 7404                <1>     je   .wr
  1992 0000017D F36D                <1>     rep  insw
  1993 0000017F EB0A                <1>     jmp  short .adv
  1994 00000181 1E                  <1> .wr:push ds
  1995 00000182 56                  <1>     push si
  1996 00000183 06                  <1>     push es
  1997 00000184 1F                  <1>     pop  ds
  1998 00000185 89FE                <1>     mov  si, di
  1999 00000187 F36F                <1>     rep  outsw
  2000 00000189 5E                  <1>     pop  si
  2001 0000018A 1F                  <1>     pop  ds
  2002                              <1> .adv:
  2003 0000018B 5F                  <1>     pop  di
  2004 0000018C 59                  <1>     pop  cx
  2005 0000018D 8CC0                <1>     mov  ax, es
  2006 0000018F 83C020              <1>     add  ax, 0x20
  2007 00000192 8EC0                <1>     mov  es, ax
  2008 00000194 FF46FC              <1>     inc  word [bp-4]
  2009 00000197 E2CA                <1>     loop .sect
  2010                              <1> .last:
  2011 00000199 B80081              <1>     mov  ax, 0x8100                ; BSY=0 (ERR ends the wait)
  2012 0000019C B94A01              <1>     mov  cx, 5 * 66
  2013 0000019F E8(6804)            <1>     call ide_wait
  2014 000001A2 7213                <1>     jc   .err
  2015 000001A4 EC                  <1>     in   al, dx
  2016 000001A5 A821                <1>     test al, 0x21                  ; ERR or write fault
  2017 000001A7 750E                <1>     jnz  .err
  2018 000001A9 807EFA40            <1>     cmp  byte [bp-6], 0x40
  2019 000001AD 7517                <1>     jne  ext_ok
  2020 000001AF 8B4402              <1>     mov  ax, [si+2]
  2021 000001B2 8946FC              <1>     mov  [bp-4], ax
  2022 000001B5 EB0F                <1>     jmp  ext_ok
  2023                              <1> .err:
  2024 000001B7 E8(8701)            <1>     call ide_errcode
  2025                              <1> .cnt:
  2026 000001BA 8B4EFC              <1>     mov  cx, [bp-4]                ; sectors done
  2027 000001BD 894C02              <1>     mov  [si+2], cx
  2028 000001C0 EB06                <1>     jmp  ext_done
  2029                              <1> ext_bad:
  2030 000001C2 B401                <1>     mov  ah, 0x01
  2031 000001C4 EB02                <1>     jmp  short ext_done
  2032                              <1> ext_ok:
  2033 000001C6 30E4                <1>     xor  ah, ah
  2034                              <1> ext_done:
  2035 000001C8 886613              <1>     mov  [bp+19], ah               ; AH
  2036 000001CB 6488267400          <1>     mov  [fs:0x74], ah             ; last status (AH=01h)
  2037 000001D0 64C6068E0000        <1>     mov  byte [fs:0x8E], 0         ; no stale disk-IRQ flag for AMI's code
  2038                              <1> ext_ret:
  2039 000001D6 807E1321            <1>     cmp  byte [bp+19], 0x21        ; 41h: CF=0 with AH=21h
  2040 000001DA 7407                <1>     je   .c0
  2041 000001DC 807E1301            <1>     cmp  byte [bp+19], 1           ; CF = (AH <> 0)
  2042 000001E0 F5                  <1>     cmc
  2043 000001E1 EB01                <1>     jmp  short .cf
  2044 000001E3 F8                  <1> .c0:clc
  2045 000001E4 89EC                <1> .cf:mov  sp, bp
  2046 000001E6 07                  <1>     pop  es
  2047 000001E7 1F                  <1>     pop  ds
  2048 000001E8 61                  <1>     popa
  2049 000001E9 CA0200              <1>     retf 2
  2050                              <1> 
  2051                              <1> lba_end:
  2052                              <1> 
  2053                              <1> ; ---------------------------------------------------------------------
  2054                              <1> ; (continued in the BUBios 1.0 code block, which executes from F000 too)
  2055                              <1> section code
  2056                              <1> ; ---------------------------------------------------------------------
  2057                              <1> ext48:                             ; INT 13h AH=48h (part of bu_int13)
  2058 0000050D 833C1A              <1>     cmp  word [si], 0x1A
  2059 00000510 0F82(C201)          <1>     jb   ext_bad
  2060 00000514 56                  <1>     push si
  2061 00000515 8D76EC              <1>     lea  si, [bp-20]
  2062 00000518 B94200              <1>     mov  cx, 66                    ; 1 s
  2063 0000051B 31FF                <1>     xor  di, di                    ; no model text
  2064 0000051D E8(8003)            <1>     call ide_id
  2065 00000520 5F                  <1>     pop  di                        ; DS:DI = caller's buffer
  2066 00000521 B480                <1>     mov  ah, 0x80
  2067 00000523 0F82(C801)          <1>     jc   ext_done
  2068 00000527 C7051A00            <1>     mov  word [di], 0x1A
  2069 0000052B C745020000          <1>     mov  word [di+2], 0
  2070 00000530 6631C0              <1>     xor  eax, eax
  2071 00000533 8B46EC              <1>     mov  ax, [bp-20]
  2072 00000536 66894504            <1>     mov  [di+4], eax               ; cylinders
  2073 0000053A 8B46EE              <1>     mov  ax, [bp-18]
  2074 0000053D 66894508            <1>     mov  [di+8], eax               ; heads
  2075 00000541 8B46F0              <1>     mov  ax, [bp-16]
  2076 00000544 6689450C            <1>     mov  [di+12], eax              ; sectors per track
  2077 00000548 660FB74EEC          <1>     movzx ecx, word [bp-20]
  2078 0000054D 660FB756EE          <1>     movzx edx, word [bp-18]
  2079 00000552 660FAFCA            <1>     imul ecx, edx
  2080 00000556 660FAFC8            <1>     imul ecx, eax                  ; C*H*S
  2081 0000055A F646F302            <1>     test byte [bp-13], 2           ; LBA supported: words 60-61
  2082 0000055E 7404                <1>     jz   .tot
  2083 00000560 668B4EF4            <1>     mov  ecx, [bp-12]
  2084                              <1> .tot:
  2085 00000564 66894D10            <1>     mov  [di+16], ecx
  2086 00000568 66C7451400000000    <1>     mov  dword [di+20], 0
  2087 00000570 C745180002          <1>     mov  word [di+24], 512
  2088 00000575 E9(C601)            <1>     jmp  ext_ok
  2089                              <1> 
  2090                              <1> 
  2091                              <1> ; =====================================================================
  2092                              <1> section tools start=0x3000 vstart=0x19B0
  2093                              <1> ; =====================================================================
  2094                              <1> ; Setup, Tools page: "Auto-Detect Disks at Boot: On/Off".  Runs inside
  2095                              <1> ; the setup program (DS = 0100h, the RAM copy); the texts are DS-relative,
  2096                              <1> ; so they have to sit below E000h, which this block does.
  2097                              <1> ; ---------------------------------------------------------------------
  2098                              <1> BU_AUTOLBL equ 0xEFC0             ; label buffer in the setup's data area
  2099                              <1> 
  2100                              <1> bu_autolabel:                      ; build the label: "... at Boot: On"
  2101 00000000 60                  <1>     pusha
  2102 00000001 06                  <1>     push es
  2103 00000002 1E                  <1>     push ds
  2104 00000003 07                  <1>     pop  es
  2105 00000004 BE[5E00]            <1>     mov  si, s_it_auto
  2106 00000007 BFC0EF              <1>     mov  di, BU_AUTOLBL
  2107 0000000A AC                  <1> .c: lodsb
  2108 0000000B AA                  <1>     stosb
  2109 0000000C 08C0                <1>     or   al, al
  2110 0000000E 75FA                <1>     jnz  .c
  2111 00000010 4F                  <1>     dec  di
  2112 00000011 BE[7D00]            <1>     mov  si, s_off
  2113 00000014 E8(1307)            <1>     call auto_on
  2114 00000017 7403                <1>     jz   .s
  2115 00000019 BE[7A00]            <1>     mov  si, s_on
  2116 0000001C AC                  <1> .s: lodsb
  2117 0000001D AA                  <1>     stosb
  2118 0000001E 08C0                <1>     or   al, al
  2119 00000020 75FA                <1>     jnz  .s
  2120 00000022 07                  <1>     pop  es
  2121 00000023 61                  <1>     popa
  2122 00000024 C3                  <1>     ret
  2123                              <1> 
  2124                              <1> bu_autotoggle:
  2125 00000025 B400                <1>     mov  ah, 0
  2126 00000027 E8(1307)            <1>     call auto_on
  2127 0000002A 7502                <1>     jnz  .w
  2128 0000002C FEC4                <1>     inc  ah                        ; off -> on
  2129 0000002E B07F                <1> .w: mov  al, CM_FLAGS
  2130 00000030 E8(9DEE)            <1>     call P_CMOSWR
  2131 00000033 88267FE0            <1>     mov  [0xE000 + CM_FLAGS], ah   ; the setup's CMOS image too
  2132 00000037 80F4A5              <1>     xor  ah, 0xA5
  2133 0000003A B07E                <1>     mov  al, CM_CHECK
  2134 0000003C E8(9DEE)            <1>     call P_CMOSWR
  2135 0000003F 88267EE0            <1>     mov  [0xE000 + CM_CHECK], ah
  2136 00000043 C3                  <1>     ret
  2137                              <1> 
  2138                              <1> 
  2139                              <1> ext41:                             ; INT 13h AH=41h (part of bu_int13)
  2140 00000044 817E0CAA55          <1>     cmp  word [bp+12], 0x55AA
  2141 00000049 0F85(C201)          <1>     jne  ext_bad
  2142 0000004D C7460C55AA          <1>     mov  word [bp+12], 0xAA55
  2143 00000052 C746100100          <1>     mov  word [bp+16], 0x0001      ; 42h-44h, 47h, 48h
  2144 00000057 C6461321            <1>     mov  byte [bp+19], 0x21        ; EDD 1.1
  2145 0000005B E9(D601)            <1>     jmp  ext_ret
  2146                              <1> 
  2147 0000005E 4175746F2D44657465- <1> s_it_auto:  db "Auto-Detect Disks at Boot: ", 0
  2147 00000067 6374204469736B7320- <1>
  2147 00000070 617420426F6F743A20- <1>
  2147 00000079 00                  <1>
  2148 0000007A 4F6E00              <1> s_on:       db "On", 0
  2149 0000007D 4F666600            <1> s_off:      db "Off", 0
  2150 00000081 4964656E7469667920- <1> s_help_auto:db "Identify the IDE drives at every boot and set them up", 0
  2150 0000008A 746865204944452064- <1>
  2150 00000093 726976657320617420- <1>
  2150 0000009C 657665727920626F6F- <1>
  2150 000000A5 7420616E6420736574- <1>
  2150 000000AE 207468656D20757000  <1>
  2151                              <1> 
  2152 000000B7 54657374696E67206D- <1> s_st_mem:   db "Testing memory ...", 0
  2152 000000C0 656D6F7279202E2E2E- <1>
  2152 000000C9 00                  <1>
  2153                              <1> tools_end:
  2154                              <1> 
  2155                              <1> ; ---------------------------------------------------------------------
  2156                              <1> section data
  2157                              <1> ; ---------------------------------------------------------------------
  2158                              <1> cmos_sum:                          ; AX = both AMI CMOS checksums and the
  2159 000005D5 B07F                <1>     mov  al, 0x7F                  ; auto-detect switch (7Eh/7Fh, outside
  2160 000005D7 E8(9802)            <1>     call bcd_raw                   ; the checksums) added up
  2161 000005DA 50                  <1>     push ax
  2162 000005DB B03F                <1>     mov  al, 0x3F
  2163 000005DD E8(9802)            <1>     call bcd_raw
  2164 000005E0 50                  <1>     push ax
  2165 000005E1 B02F                <1>     mov  al, 0x2F
  2166 000005E3 E8(9802)            <1>     call bcd_raw                   ; (bcd_raw changes BX)
  2167 000005E6 5B                  <1>     pop  bx
  2168 000005E7 01D8                <1>     add  ax, bx
  2169 000005E9 5B                  <1>     pop  bx
  2170 000005EA 01D8                <1>     add  ax, bx
  2171 000005EC C3                  <1>     ret
  2172                              <1> 
  2173                              <1> ; ---------------------------------------------------------------------
  2174                              <1> section code2
  2175                              <1> ; ---------------------------------------------------------------------
  2176                              <1> ; dots_or: at the end of POST print CS:SI, before it "..." (ES:DI, BH)
  2177                              <1> dots_or:
  2178 000000D9 F606FF0002          <1>     test byte [ST_MISC], 2
  2179 000000DE 7503                <1>     jnz  .p
  2180 000000E0 BE[E600]            <1>     mov  si, s_dots
  2181 000000E3 E9(9B01)            <1> .p: jmp  pstr_v
  2182 000000E6 2E2E2E00            <1> s_dots: db "...", 0
